1	100343254	141043166	snp	A/C/G
1	103355059	55821405	snp	G/T
1	103471457	565657269	in-del	-/CATCAT
1	103471457	71752747	in-del	-/CAT
1	103471457	763506645	in-del	-/CATCATCAT
1	103488522	144884147	snp	C/G
1	104260268	375262449	snp	A/G
1	10460230	41274476	snp	A/C
1	109855330	192172116	snp	C/T
1	110009189	148735932	snp	A/G
1	11014199	144723358	snp	A/C/G
1	110294356	75744349	snp	C/T
1	110775379	562089235	snp	A/G
1	110775588	576580121	snp	C/T
1	11134005	115976717	snp	C/T
1	111772259	6537684	snp	A/C/G
1	111772259	756152586	multinucleotide-polymorphism	ACA/CCG/GCG
1	112020645	146067555	snp	A/C
1	1139884	767909012	in-del	-/GGGA
1	114225436	190444125	snp	A/G
1	114305703	187205650	snp	C/T
1	116228178	377034495	snp	A/G
1	116236695	540290490	snp	A/C
1	116933052	140041891	snp	C/T
1	11718390	138412784	snp	A/G
1	11718797	142346784	snp	A/G
1	117484848	12136635	snp	A/C
1	117620826	145330297	snp	A/T
1	120379747	376336240	snp	A/G
1	120379747	56278217	in-del	-/A
1	12198373	376583542	snp	A/G
1	12309667	183772174	snp	C/T
1	12313827	61774897	snp	A/G
1	12316393	12057307	snp	A/G
1	1232233	115237750	snp	A/G
1	12429511	147459426	snp	C/T
1	12429585	142394129	snp	A/G/T
1	1255107	145195014	snp	A/G
1	1309405	150194697	snp	C/T
1	1310769	146403839	snp	C/T
1	142806254	61814269	snp	A/G
1	144822066	587741250	snp	A/G
1	144828222	868937425	snp	A/G
1	144852477	148370554	snp	A/G
1	144852582	587731474	snp	C/T
1	144857620	138200154	snp	C/G
1	144863360	145618115	snp	C/T
1	144921857	1324366	snp	G/T
1	144952189	782794543	snp	A/G
1	144952301	371252645	snp	A/G
1	145015844	61018137	snp	C/T
1	145368550	782668331	snp	C/T
1	145368626	587623966	snp	A/C/G
1	145368676	781975609	snp	C/T
1	145525137	587731222	in-del	-/TGGTTTC
1	145536012	35515885	snp	A/G
1	146399630	368296462	snp	A/G
1	146412148	797029434	snp	A/G
1	146495766	782377442	snp	C/T
1	147851486	111383475	snp	C/T
1	147955124	782544194	snp	C/T
1	147955136	372484895	snp	G/T
1	148248147	868990753	snp	C/T
1	149858812	146960466	snp	A/G
1	151492040	186698061	snp	A/G
1	152281724	149817134	snp	G/T
1	154018655	183446732	snp	A/C/T
1	154550618	201721712	snp	C/T
1	154580458	58655370	snp	A/C
1	155105740	866190969	snp	A/G
1	155107183	576609812	snp	G/T
1	155230432	11557757	snp	C/G/T
1	155231927	141316726	snp	C/T
1	156180500	565929411	snp	C/T
1	156206155	140410413	snp	C/T
1	156212360	35330985	snp	C/T
1	156622540	150190291	snp	A/G
1	156622705	143769968	snp	A/G
1	156917341	558773086	snp	G/T
1	157659569	77159193	snp	A/G
1	157670394	73003413	snp	C/G
1	1594902	147663190	snp	A/G
1	159810342	116863888	snp	C/T
1	16058384	201370265	snp	C/G/T
1	161476471	552893448	snp	A/G/T
1	162557067	4656374	snp	A/G
1	16350334	545282688	snp	A/G/T
1	16355800	534311918	in-del	-/C
1	167780071	117021474	snp	C/T
1	167823665	139710431	snp	C/T
1	16890700	750266561	in-del	-/C
1	16890700	758791468	snp	C/T
1	16895721	745573919	snp	C/G
1	16918351	200182673	snp	C/G/T
1	17257130	781661425	snp	A/G
1	17265495	746244135	snp	C/G
1	17265501	772640431	snp	A/G
1	17323505	55689004	snp	A/G
1	17328852	372857244	snp	A/G
1	173905567	550948443	snp	A/G
1	17401681	565056808	snp	A/G
1	17594428	139780902	snp	C/T
1	17721711	201170361	snp	G/T
1	17721711	371888389	in-del	-/G
1	17721711	543790269	in-del	-/GTTTG
1	179956356	140510451	in-del	-/AT
1	179956359	58749862	snp	C/T
1	180010349	201107631	snp	A/G
1	180047817	74895300	snp	A/C
1	180083841	541587946	snp	A/G
1	18014082	138482978	snp	A/G
1	180906084	189115638	snp	A/G
1	182787857	532201292	snp	A/G
1	185976299	146532107	snp	C/G
1	186007177	375820274	in-del	-/C
1	186007177	556813997	snp	C/G
1	186052024	74967568	snp	A/G
1	186105795	184095385	snp	C/T
1	186135931	374670687	snp	C/T
1	186277625	142388523	snp	A/G/T
1	186863320	145818677	snp	A/G
1	186946869	28395831	snp	A/G
1	19596664	2860679	snp	A/G
1	196819349	201215552	snp	G/T
1	197069765	377167359	snp	C/T
1	197876479	539071232	snp	A/G
1	198498330	576043912	in-del	-/AT
1	198671393	552823245	snp	C/T
1	198717219	71286550	in-del	-/AA
1	198717219	762626030	in-del	-/T
1	198717219	764459229	in-del	-/TTT
1	198717219	780758960	snp	G/T
1	200878026	41313912	snp	A/G/T
1	201070692	773948652	snp	A/G
1	201071695	549968546	snp	A/C
1	201330429	3730238	snp	A/G
1	201331231	28730745	snp	C/T
1	201687503	138602672	snp	C/T
1	201777751	116338160	snp	A/G
1	201777752	112032363	snp	A/C/T
1	201786413	116246396	snp	C/G
1	202153814	139814434	in-del	-/ACAC
1	202153814	199629067	snp	A/C
1	202153814	779211406	in-del	-/ACACCCAC
1	202704558	754866752	snp	A/G
1	204401452	139230011	snp	A/G
1	204926667	548592962	snp	A/G
1	205698534	537326188	snp	C/T
1	205896395	142375896	snp	A/C/G
1	205901026	146704092	snp	C/G/T
1	209791358	140769823	snp	C/T
1	209792018	199838217	snp	C/T
1	210522080	143188292	in-del	-/GTGT/GTGTGTGTGT
1	210522080	80140939	snp	C/T
1	214814189	776731305	snp	A/C
1	214814925	61732031	snp	C/G/T
1	214818548	61732022	snp	C/T
1	215848696	112120466	snp	A/G
1	215848910	111033275	snp	C/T
1	216074236	370988961	snp	C/T
1	216138719	111033508	snp	A/C/T
1	216363571	751720987	snp	C/T
1	216420029	180994250	snp	A/C
1	216462627	146824138	snp	C/T
1	216500928	74329863	snp	C/G
1	22176684	2229485	snp	A/T
1	22176684	868302804	snp	A/T
1	22190709	368983547	in-del	-/A
1	22202155	78889849	snp	C/T
1	22202483	62642528	snp	A/G
1	22204731	149479865	snp	C/T
1	22211941	75467696	snp	G/T
1	22217095	144511257	snp	C/T
1	222823740	564603759	in-del	-/T
1	222823740	570295077	in-del	-/T
1	226019256	200248123	in-del	-/AAAAAG
1	226496790	765402850	snp	G/T
1	227152546	149681027	snp	A/G
1	227216516	770872855	snp	A/G
1	228362789	202207985	snp	A/C/G
1	228404818	200638282	snp	G/T
1	228494144	201781739	snp	G/T
1	228495112	201877667	snp	A/G
1	228509588	201097669	snp	C/G/T
1	228526578	144372515	snp	A/T
1	22853896	558894570	snp	C/T
1	22913274	66713995	in-del	-/AG/GGGT/GT
1	22920009	375134443	snp	C/T
1	22923898	753426993	snp	G/T
1	22924120	201461269	snp	A/G
1	22927503	62618734	snp	A/G
1	22929517	41266043	snp	C/T
1	229594003	41307728	snp	C/G/T
1	229599414	35944758	snp	C/T
1	229657326	201648623	snp	A/G
1	229667384	57503359	snp	A/G/T
1	229675343	35725309	snp	C/T
1	231907103	2812386	snp	C/T
1	232144739	115112816	snp	C/G
1	233120221	61741049	snp	A/G/T
1	233137267	116249877	snp	A/T
1	233137267	200867900	in-del	-/AAAA
1	233137267	796877412	multinucleotide-polymorphism	AT/TA
1	233137267	869193397	in-del	-/TAAA
1	235543241	567345488	snp	C/T
1	235955206	200276917	snp	A/G
1	235993722	141317482	snp	A/G
1	236180424	112973326	snp	C/T
1	236385488	567180885	in-del	-/C
1	237025274	191051555	snp	A/G
1	237955667	772585249	in-del	-/GTGTGTGTGTGTGTGC
1	240371112	71646889	snp	A/G/T
1	2411280	553303631	snp	A/G
1	241797975	146276550	snp	C/T
1	24393847	375677554	in-del	-/TT
1	2451416	771846856	snp	A/G
1	247024335	573133006	snp	A/G
1	247031205	139104475	in-del	-/ACA
1	247031205	532198828	snp	A/C
1	247031205	773869209	in-del	-/A
1	247053355	116104791	snp	C/G
1	247320775	188179681	snp	A/G
1	24857892	201628018	snp	A/G
1	27432470	797044991	snp	C/T
1	28826378	138816350	snp	C/G
1	28920071	144551690	snp	C/T
1	32157060	372997860	snp	A/G
1	32157060	760854893	in-del	-/G
1	3319632	4353034	snp	A/C/G
1	33479003	751949732	snp	C/T
1	34643477	767329804	snp	G/T
1	39838161	142318271	snp	A/C/T
1	40027163	141851039	snp	C/T
1	40041640	779247286	snp	A/C
1	41483043	368131684	snp	A/G
1	41976375	200138511	snp	C/T
1	44315177	780952493	snp	C/G
1	46150996	141922200	snp	A/C
1	52912123	763684331	in-del	-/A
1	52912123	764938655	in-del	-/AA/T
1	52912123	796665398	in-del	-/AA
1	53152495	182863194	snp	A/C
1	54717380	191260519	snp	A/C
1	55277446	751426117	in-del	-/CCCCC
1	55565691	551590977	snp	A/G
1	55572888	201210932	snp	G/T
1	59922591	192016297	snp	C/T
1	60104049	41287704	snp	C/G/T
1	60139597	114045481	snp	A/G
1	6208881	377332735	snp	C/G
1	6271192	547349989	snp	A/G/T
1	6418856	368541754	snp	C/T
1	6525565	150614037	snp	C/T
1	70717138	189466634	snp	A/G
1	77588211	555232078	snp	A/T
1	89522619	149073593	snp	C/G
1	907994	558474450	snp	A/C
1	9165905	184591975	snp	C/T
1	93583841	372149519	snp	A/G
1	93996304	199743116	snp	A/G/T
1	94012379	237426	snp	A/C
1	955619	201073369	snp	C/G
1	978604	35881187	in-del	-/AG
1	978605	111722742	snp	A/C/T
1	9908496	11555521	snp	C/G
2	100167470	193250338	snp	A/G
2	101584541	138712138	snp	A/G/T
2	101644496	62152952	snp	C/T
2	101644750	767701322	snp	A/G
2	111925284	564564836	snp	A/C
2	11727507	13394619	snp	A/G
2	119604231	375477142	snp	A/G
2	119727692	144080988	snp	A/C/G
2	119739128	111379161	in-del	-/T
2	119739128	200351629	snp	A/T
2	119739128	34042176	in-del	-/ATTT
2	129026227	3958533	snp	A/C
2	133486366	147998091	snp	C/G
2	137988626	79443131	snp	C/T
2	138169167	114297423	snp	C/T
2	144193152	760255051	in-del	-/TT
2	144193152	775154575	in-del	-/T
2	152311655	373893207	snp	C/T
2	152382680	200918570	snp	C/T
2	152514505	369215974	snp	C/T
2	1642855	139760709	snp	C/T
2	1652731	189824177	snp	C/G/T
2	165349650	144301087	snp	A/G
2	1658166	73178792	snp	C/T
2	165944625	529196607	snp	A/G
2	165947079	41265137	snp	A/C/G
2	165984284	140990288	snp	C/T
2	1665826	551762521	snp	A/G
2	1665975	7588627	snp	C/G
2	166810159	796962843	multinucleotide-polymorphism	CCG/TCA
2	166810159	867228695	snp	C/T
2	166810161	569432248	in-del	-/CCCGCCCGCTCA/CCCGCTCA/CCCGCTCACCCGCTCA/CCCGCTCACCCGCTCACCCGCTCA/CTCA
2	166810161	867615087	snp	A/G
2	169996070	41268685	snp	C/T
2	169999140	752658640	snp	A/G
2	170027191	377424162	snp	A/C/G
2	170042208	143150497	snp	C/T
2	170058538	115363091	snp	A/G
2	170066013	143199431	snp	C/T
2	170103472	114842875	snp	A/G
2	170147519	138572086	snp	A/G
2	179395554	66961115	snp	A/G
2	179395554	794729250	multinucleotide-polymorphism	GC/TT
2	179395555	67254537	snp	G/T
2	179395573	56324595	snp	C/T
2	179401742	55742743	snp	C/T
2	179403936	368877793	snp	A/G
2	179404631	533651182	snp	C/T
2	179406044	55704830	snp	C/G/T
2	179422237	373830762	snp	C/T
2	179437255	201804005	snp	G/T
2	179441295	72646885	snp	A/G
2	179441932	55980498	snp	A/G
2	179446381	72646869	snp	A/G
2	179453429	72646850	snp	C/G/T
2	179453880	200689750	snp	C/T
2	179457099	766734794	in-del	-/T
2	179457099	767646304	snp	A/T
2	179479091	369011743	snp	C/T
2	179480210	202141158	snp	C/T
2	179482089	72677237	snp	A/G
2	179490123	775225695	snp	A/C
2	179566921	200593368	snp	A/G
2	179578108	200821070	snp	A/T
2	179578108	71393436	in-del	-/ACAAA/ACAAAACAAA/ACAAAACAAAACAAAACAAA/ACAAAACAAAACAAAACAAAACAAA/ACAAAACAAAACAAAACAAAACAAAACAAA
2	179596554	72648942	snp	A/G
2	179605380	34618570	snp	A/T
2	179606183	756407211	snp	A/G
2	179615297	771123036	snp	G/T
2	179658175	72647851	snp	A/G
2	183105224	146195087	snp	C/T
2	189922092	150260969	snp	A/C/G
2	189963501	148220961	snp	A/G
2	192701075	762936362	snp	A/T
2	196681699	77817274	snp	C/T
2	196741428	80309791	snp	A/G
2	196799394	76561342	snp	A/G
2	196825678	77729592	snp	A/G
2	198643530	140189200	in-del	-/ACACACACAC
2	198643530	71964015	in-del	-/AC
2	202122595	146962986	snp	A/G
2	207162033	116382753	snp	A/G
2	207175256	74930160	snp	C/T
2	208477119	566055882	snp	C/T
2	208619218	548019381	snp	C/T
2	209170409	35792869	in-del	-/T
2	210680359	572680841	snp	C/T
2	211456899	191997933	snp	C/T
2	21224843	12713450	snp	A/C/T
2	21227331	12720851	snp	C/T
2	21228386	143710616	snp	A/C/G
2	21246382	72653066	snp	C/G
2	212495337	751493622	snp	A/G
2	212495337	751513104	in-del	-/A
2	212495337	777853362	in-del	-/AAAAA
2	21252755	185550846	snp	A/G
2	214143989	561600195	snp	G/T
2	228158021	55816283	snp	C/T
2	228162381	147886850	snp	C/T
2	228163538	78980950	snp	A/G
2	238267211	530866854	snp	G/T
2	238296306	113716915	snp	C/G
2	239237953	12464423	snp	A/G/T
2	24107974	763266922	snp	C/T
2	241513416	569135027	snp	A/G
2	242082564	545080197	snp	C/T
2	242371116	185323681	snp	C/T
2	242682197	146579036	snp	A/T
2	26321687	112836140	snp	A/G
2	26671539	764148240	snp	G/T
2	28848225	530411154	snp	A/G
2	29416380	139437088	snp	C/T
2	32641041	144184005	snp	A/G
2	32690110	749253756	in-del	-/TT
2	32690110	755964043	in-del	-/T
2	37395103	45495394	snp	C/T
2	37406643	75398209	snp	A/C/T
2	37871148	368159883	snp	A/T
2	42515288	553736921	snp	C/T
2	43518843	17030648	snp	A/C/G/T
2	43625278	56269749	snp	A/C/T
2	43768345	201189013	snp	C/T
2	43800000	377538801	snp	C/T
2	43973099	17031368	snp	A/G
2	48848286	145169038	in-del	-/T
2	48873925	61755864	snp	A/G
2	54853209	200755126	snp	C/T
2	55056468	188931192	snp	A/T
2	55096488	201615199	snp	A/G
2	55175957	150387730	snp	A/G
2	55186485	375157940	snp	A/G
2	55189895	74963522	snp	A/G
2	61275565	376553459	snp	A/G
2	61524101	755325290	in-del	-/AAAAGA
2	64140613	373731505	snp	A/G
2	68388973	113134222	in-del	-/A
2	69009347	371731403	snp	A/T
2	69726321	188083840	snp	A/G
2	69734636	55889248	snp	A/G
2	71183091	71414850	snp	C/T
2	71627018	72840917	snp	A/G
2	71791212	371609233	snp	A/G
2	73927711	756728114	snp	A/G
2	78182091	62164743	snp	C/T
2	85547757	114068223	snp	C/T
2	85554028	201950559	snp	C/G
2	86790714	114274374	snp	C/T
2	87013197	138190740	snp	A/G
2	87408699	769916045	snp	A/T
2	87605466	2139129	snp	A/G
2	87821069	1401667	snp	A/T
2	87883221	193278823	snp	C/G
2	88035243	773759253	snp	G/T
2	95783701	758153822	snp	G/T
2	95783701	758302629	in-del	-/A/AA
2	96858894	764625182	snp	A/G
2	98866981	370926569	in-del	-/T
2	98907090	773025768	in-del	-/TT
2	98907090	774419927	in-del	-/T
2	99440010	763992010	in-del	-/ATAAAG
3	100023742	41272633	snp	C/T
3	10137945	532009274	snp	C/T
3	101445570	111912421	snp	A/G
3	101476645	145072852	snp	C/T
3	10359549	550507445	snp	A/C
3	10370286	41291205	snp	C/T
3	105238891	11291806	in-del	-/T
3	105238891	577424066	in-del	-/TT
3	105238891	749128847	in-del	-/TTT
3	107938475	534447440	snp	A/C/T
3	108278871	141861595	snp	C/T
3	108284214	115693355	snp	A/G
3	112253143	146819825	snp	G/T
3	112328933	796121999	in-del	-/A
3	113375764	199967580	snp	A/C/G
3	113378610	183889251	snp	A/G
3	114068906	756009212	snp	A/G
3	121202259	146510319	snp	A/C
3	123385148	139817477	snp	C/T
3	123419782	3732485	snp	C/T
3	123666187	759777199	snp	A/C/G
3	124369671	56098940	snp	C/T
3	12851676	183581869	snp	A/G
3	12858244	367818782	snp	C/T
3	128808653	71619933	snp	C/G
3	134320105	58745095	in-del	-/A
3	134320105	747311469	in-del	-/AG
3	134320105	79247624	snp	A/G
3	136057138	769130382	snp	A/G
3	136141711	140017560	snp	A/G
3	13651174	776849802	snp	G/T
3	148559651	138120056	snp	A/C/T
3	148562272	145346983	snp	A/G
3	148868136	567006663	snp	A/G
3	152553293	779655937	snp	C/T
3	15492982	550256310	snp	A/T
3	158524688	576859725	snp	A/G
3	160955883	11344126	in-del	-/T
3	160955883	200517975	in-del	-/TT
3	160955883	533610678	in-del	-/TTT
3	160955883	749898245	in-del	-/TTTTT
3	160955883	761536074	in-del	-/TTTT
3	160955883	780384210	snp	C/T
3	164905040	539755729	snp	G/T
3	164906031	140892840	snp	C/T
3	169672732	570979457	snp	C/T
3	169999924	528448831	snp	C/T
3	170727705	749307792	in-del	-/T
3	170727705	752847368	in-del	-/TGTGT
3	170727705	756251758	in-del	-/TGT
3	170727705	757794430	in-del	-/TGTGTGTGTGTGTGT
3	170727705	777834132	in-del	-/TGTGTGT
3	170732426	7637863	snp	A/G
3	172050687	191387726	snp	A/C
3	176750745	144060569	snp	C/T
3	176816242	116531888	snp	A/G
3	184612575	375589079	snp	C/T
3	186335248	144616056	snp	A/G
3	189692340	115626519	snp	A/T
3	195487744	114303284	snp	A/G
3	195507989	536206297	snp	A/G/T
3	195508367	55917029	snp	A/G
3	195508700	201626852	snp	C/T
3	195510146	199750921	snp	C/G
3	195510181	774087226	snp	A/C/T
3	195510182	182501773	snp	C/T
3	195513563	74500246	snp	C/T
3	195513563	765968040	in-del	-/TGT
3	195513566	78438024	snp	C/G
3	19559510	148330866	snp	A/C/G
3	19575232	34561654	snp	C/G/T
3	196082911	200773096	snp	C/T
3	23997508	79280733	snp	C/G/T
3	24018783	142863637	snp	A/C/G
3	27352433	148363711	snp	C/T
3	27459708	116217056	snp	G/T
3	3192593	775690207	snp	C/T
3	3198110	115258632	snp	A/G/T
3	33119035	554357039	snp	C/G
3	33602686	114024718	snp	C/T
3	33645812	544374250	in-del	-/T
3	33645812	560019036	snp	C/T
3	37337636	765171948	snp	C/T
3	37379234	140703855	snp	C/T
3	37441309	188804139	snp	A/G
3	37535843	184504047	snp	C/T
3	38348743	753331	snp	A/C
3	38354618	189659261	snp	A/G
3	39171360	11716709	snp	C/T
3	39178808	73070244	snp	A/G
3	39178900	144961189	snp	A/G
3	39521533	561597707	in-del	-/A
3	42683894	781113052	snp	G/T
3	450087	368266428	in-del	-/T
3	46244284	3136667	snp	C/G/T
3	46244284	375628669	in-del	-/A
3	4735407	61757110	snp	C/G/T
3	47770769	371158061	in-del	-/C
3	4808290	143093165	snp	G/T
3	48508400	761651331	snp	C/G
3	49200935	148007557	snp	A/C/G
3	52184978	372479245	snp	A/C
3	52797487	149674873	snp	A/C/T
3	52812973	151186293	snp	C/T
3	53901131	142249596	snp	C/T
3	54925426	112362995	snp	C/G/T
3	54925493	137949841	snp	A/C
3	54925493	750951038	in-del	-/CT
3	57542456	143228955	snp	C/T
3	57543376	141980044	snp	A/G
3	58132404	551711451	snp	A/G
3	62385378	533945610	snp	G/T
3	74419357	375968444	snp	C/T
3	99569770	36005744	snp	A/G
3	9957938	532342959	snp	C/G
3	9970393	549268394	snp	A/G
3	99998531	62636640	snp	C/G
4	109093787	555312291	snp	C/G
4	110749348	572312273	snp	G/T
4	13600993	61995953	snp	G/T
4	13603200	61995954	snp	G/T
4	13604034	61995956	snp	C/T
4	13605416	747266674	snp	A/G
4	140036289	540015524	snp	A/G
4	144442568	774362842	in-del	-/T
4	146048669	200458978	snp	C/T
4	152048883	767413961	snp	A/C
4	153898134	374018834	in-del	-/TC
4	169842586	564650416	in-del	-/T
4	174238733	769689993	snp	A/C
4	17623198	527517388	in-del	-/TT
4	17623198	767629499	in-del	-/T
4	184369027	549234400	snp	C/T
4	187518138	200322175	snp	C/T
4	187534253	75337800	snp	C/T
4	22414723	150998541	in-del	-/AAAA
4	22694889	116655574	snp	C/T
4	2935031	550599688	snp	C/G
4	2965875	769962087	snp	C/T
4	2965875	776479037	in-del	-/C
4	3388412	139706769	snp	A/G
4	36121042	192003460	snp	C/T
4	36161135	776201796	snp	C/T
4	39257275	184556723	snp	A/C
4	48501181	371155691	in-del	-/CTTTT
4	48566958	775141025	snp	C/T
4	55964967	566194394	snp	C/G
4	6607046	144650979	snp	A/G
4	6622905	59962864	snp	C/G
4	68449380	146545610	snp	A/G
4	69202911	746458849	in-del	-/TCC/TCCTCCTCC
4	69342169	983745	snp	C/G/T
4	7002689	142396481	snp	A/G
4	70460458	761344347	snp	C/T
4	71555507	34648105	snp	A/T
4	76523446	748696674	in-del	-/A
4	78637302	5859584	in-del	-/G
4	78637302	77036073	snp	A/G
4	78637302	869223212	in-del	-/G
4	79158715	17003071	snp	C/G
4	79166478	78711748	snp	A/T
4	79176444	147332320	snp	A/C/G
4	79186242	200123398	snp	A/G
4	79204103	768539893	snp	C/T
4	79291130	17003166	snp	C/T
4	79321868	114757691	snp	A/G
4	79353587	35219594	snp	A/C/G
4	79368042	7670555	snp	A/G
4	79394691	144530996	snp	A/G
4	79461956	61748814	snp	C/T
4	8221048	201754307	snp	A/G
4	8229378	139890356	snp	A/C/T
4	8239303	779640328	snp	C/G/T
4	84358386	559058777	snp	A/C
4	843622	796956199	in-del	-/C
4	860298	143612464	snp	A/G
4	88047367	145328604	snp	A/G
4	89579550	543211231	in-del	-/T
4	98732349	797019047	in-del	-/A
4	99027142	141732256	snp	A/G
5	10649625	185973776	snp	C/T
5	112346434	200824296	snp	G/T
5	118451837	745748660	in-del	-/T
5	118469271	376518797	snp	C/G
5	122722370	200329211	in-del	-/A/AA/TA
5	122722370	3893854	snp	A/T
5	122722370	760158528	in-del	-/TAAAAA
5	122722370	763797338	in-del	-/TAAAAAAAAA
5	122722370	769322546	in-del	-/TAAA
5	122722370	772770081	in-del	-/TAAAA
5	122722370	776090638	in-del	-/TAA
5	122722370	796319930	in-del	-/TA
5	126859184	781095454	snp	A/C
5	126874726	368796036	snp	A/G
5	131007273	771669591	snp	A/G
5	137534070	765620800	snp	C/T
5	137763895	549045130	snp	G/T
5	140482642	781927444	snp	C/G
5	141690764	113186785	snp	A/C
5	141690764	3839201	in-del	-/T
5	147015582	114442448	snp	C/T
5	147861099	746300490	in-del	-/T
5	148366612	556308084	snp	A/G
5	148996328	57292511	snp	A/G
5	149003590	200439928	snp	A/G/T
5	149450000	201460285	snp	A/G
5	149456893	3829986	snp	A/C/G
5	149776308	141159244	snp	C/T
5	150037839	562920708	in-del	-/TGT
5	150901530	200363852	snp	C/G
5	150947891	11739693	snp	C/G
5	15616331	142993120	in-del	-/TTG
5	156904544	148264060	snp	C/T
5	157052850	146515023	snp	A/G
5	16676247	61744227	snp	A/G
5	16690033	2303704	snp	A/C
5	16701072	754532622	snp	C/T
5	16783593	72732235	snp	A/G
5	167913505	769713780	snp	G/T
5	176081727	199652552	snp	C/G
5	177303232	754126016	in-del	-/AC
5	177434388	545528314	snp	A/C
5	179050184	371934420	snp	C/G
5	179069894	143968064	snp	A/G/T
5	179069924	201450340	snp	C/T
5	179070050	200159343	snp	A/G
5	179201298	61753466	snp	C/T
5	180687348	760212623	snp	A/G
5	186106	781747477	snp	A/G
5	205939	145153903	snp	A/C/T
5	21802423	201729605	snp	A/G
5	21817257	191053108	snp	A/C
5	224479	377470390	snp	C/T
5	235593	564781001	snp	C/G
5	32074181	139754344	snp	C/T
5	32074277	74390491	snp	A/G
5	32087828	36097367	snp	C/T
5	34906053	543158195	in-del	-/TTTTA
5	37697846	376611202	snp	C/G/T
5	38954864	112762365	snp	A/G/T
5	38978759	749328695	in-del	-/AA
5	38978759	754049442	snp	A/T
5	38978759	756295969	in-del	-/A
5	40931393	577536947	snp	A/T
5	42799754	751054472	snp	C/T
5	43677596	140244368	snp	C/T
5	52377177	116388024	snp	A/G
5	61745857	373377447	snp	C/T
5	66055757	781372154	snp	A/T
5	68492943	749370235	in-del	-/T
5	68928503	745877921	snp	C/T
5	74073919	543320964	snp	C/T
5	74632793	138091235	snp	C/G
5	76331449	34203073	snp	A/G
5	76372560	572527332	snp	C/T
5	837217	28544488	snp	A/C
5	837217	796156494	multinucleotide-polymorphism	AA/CG
5	87502071	141454107	snp	A/G
5	87516543	377141611	in-del	-/AG
5	876339	115628509	snp	A/G
5	89695516	533185720	snp	C/G/T
5	89923101	41303344	snp	A/G
5	90002035	75881968	snp	C/T
5	90021510	764723284	snp	C/G
5	901553	80338980	snp	C/T
5	94784082	148203459	snp	C/T
5	94785958	117093563	snp	A/G/T
5	95231479	528891462	snp	A/T
5	96075568	139323804	snp	C/T
5	9660068	748510708	snp	A/C
6	105300252	772700096	in-del	-/A
6	106557769	572764984	snp	A/T
6	107955369	201319446	snp	C/T
6	107956280	541688197	in-del	-/GCCGCCGCC
6	107956280	763570047	in-del	-/GCCGCC
6	107956280	777019856	in-del	-/GCC
6	108984519	533522995	snp	C/G
6	111695598	139710032	snp	C/T
6	112080026	11355233	in-del	-/G
6	112080026	202149937	snp	C/T
6	116442823	572738023	snp	A/G
6	116950833	784133	snp	C/T
6	119232799	76967739	snp	C/T
6	125234008	139107311	in-del	-/A/AA
6	125234008	548031346	snp	A/G
6	128320253	181797082	snp	A/G
6	128559348	113882916	snp	A/G
6	128559348	762712346	in-del	-/G
6	128559348	775377649	in-del	-/GAAAAG
6	129513837	141363186	snp	A/G
6	129571272	36044314	snp	C/T
6	129601217	117422805	snp	C/T
6	129826335	113644365	snp	C/T
6	131520691	34324046	snp	C/T
6	131602819	34796711	snp	C/T
6	132195394	75272847	snp	C/T
6	132196979	750660271	snp	A/G
6	133562547	779839954	snp	A/G
6	13470102	143076881	snp	C/T
6	138642080	200185486	in-del	-/GG
6	138642080	386706300	in-del	C/GGCG
6	138642080	535581900	snp	C/G
6	138642080	768306602	in-del	-/GGC
6	138644786	377018195	in-del	-/CTTTA
6	138645301	6919776	snp	G/T
6	139203891	201386709	snp	A/G
6	142723795	193295605	snp	A/G
6	143089373	745646898	snp	C/T
6	146275637	77841058	snp	C/G
6	146965893	59743065	snp	A/G
6	147013954	149465174	snp	C/T
6	151775840	767085206	in-del	-/AATA
6	151775840	770394411	snp	A/C
6	155099037	538685736	snp	C/T
6	155154342	140989501	snp	A/G
6	155577610	148747302	snp	C/T
6	158620376	371280171	snp	A/G
6	159398803	12204826	snp	C/T
6	159401898	10455840	snp	C/T
6	159420735	41267755	snp	A/G
6	160199455	10945633	snp	A/T
6	160199455	372740026	in-del	-/TTAAA
6	160199455	56204155	in-del	-/TTAAAAA
6	160199455	74588258	in-del	-/TTAAAAAAA
6	160199455	75848694	in-del	-/TTAAAA
6	160199455	771845764	in-del	-/TT
6	160241490	149623337	snp	A/T
6	160952816	41267807	snp	C/T
6	161006084	76144756	snp	A/G
6	161022107	41259144	snp	A/C/T
6	161054841	762351463	in-del	-/GCTT
6	161512446	55704622	snp	A/C/T
6	161529054	143856981	snp	A/T
6	165745597	545966327	snp	C/T
6	165808716	61733392	snp	C/G
6	168319289	143827994	in-del	-/TG
6	168376967	764473665	snp	G/T
6	168376967	780647685	in-del	-/TT
6	168376968	200262961	snp	G/T
6	168377220	79173693	snp	A/G/T
6	168377271	61740140	snp	A/G
6	168377271	766050036	in-del	-/AGGCAGTGGGGGTCATTCCCCCTGCAGTGTTGGGGGAGGAGAAGA/GCAGTGGGGGTCATTCCCCCTGCAGTGTGGGGGGAGGAGA
6	168476598	62426287	snp	C/G
6	170065686	750688008	in-del	-/AA
6	17601086	761785475	snp	A/G
6	20126942	199860548	snp	A/G
6	29043335	114997550	snp	A/T
6	30105174	139363411	snp	C/T
6	30114825	148660479	snp	A/G/T
6	30114897	113993403	snp	C/T
6	30115153	144156037	snp	A/G
6	30123293	753256153	in-del	-/AC
6	30124637	150803426	snp	A/G
6	30126225	111803166	snp	A/G
6	30127149	147693026	in-del	-/C
6	30647001	377033483	snp	A/C/G
6	30652376	199834022	snp	C/T
6	30671813	201419005	snp	A/G
6	30681077	144222920	snp	G/T
6	30681077	770872172	in-del	-/GAAGG
6	31324039	41553417	snp	A/C/G/T
6	31324046	779634815	snp	C/T
6	31324851	137854633	in-del	-/A/G
6	31595926	45544132	snp	A/C/T
6	31600450	753706865	snp	C/T
6	31675486	149233297	snp	A/C/G
6	31677953	61740977	snp	A/G
6	31740764	764679566	snp	C/T
6	31975463	370433041	snp	C/T
6	31975577	147390813	snp	C/T
6	32020717	149492184	snp	G/T
6	32021489	200718357	snp	C/T
6	32024374	28361051	snp	A/G
6	32035762	764676418	snp	C/T
6	32035763	774992898	snp	G/T
6	32036755	17207916	snp	C/T
6	32052216	149995364	snp	C/T
6	32168996	8192573	snp	C/G
6	32178570	17604492	snp	C/T
6	32298372	9405090	snp	A/G
6	32299822	1003878	snp	C/T
6	32303236	138803851	in-del	-/A/AA
6	32303692	1265754	snp	A/T
6	32372791	143211074	snp	C/T
6	32729466	199858328	snp	A/G
6	32729470	201740281	snp	C/G/T
6	33080412	116616227	snp	A/T
6	33231192	371111517	in-del	-/CA/CACACACACACACACACAGA/CACACACACACACACAGA/CACACACACACACAGA/CACACACACAGAGA
6	33695880	146845617	snp	A/G
6	33703220	148097111	snp	C/T
6	348195	7768224	snp	A/G
6	348917	201957282	snp	C/T
6	35443237	773822920	snp	C/T
6	35551780	77715420	snp	A/C
6	36298522	572213877	in-del	-/TTTG
6	36359697	199820722	in-del	-/TA
6	36359697	749142709	snp	A/T
6	36359697	772096007	in-del	-/TAA
6	38705882	150237480	snp	C/G
6	38820493	45519938	snp	A/C
6	38899691	112903128	snp	A/G
6	40999454	145811250	snp	C/T
6	41006902	74443078	snp	A/C/G
6	41204217	201622399	snp	A/C/T
6	41839002	528594948	snp	A/G
6	43034797	143587178	snp	C/G
6	43039337	146957924	snp	A/G
6	46656357	184343332	snp	G/T
6	46659440	76636517	snp	A/C
6	47754809	41273684	snp	A/C
6	485561	181349916	snp	A/G
6	51637536	142522748	snp	G/T
6	51907773	753169961	snp	C/T
6	52365322	12195210	snp	G/T
6	52365322	781200143	in-del	-/TTTTG
6	54792182	147505952	in-del	-/T
6	55988870	192244210	snp	C/G
6	56141606	201667407	snp	G/T
6	64423495	756122936	snp	A/C/G
6	69665899	137913703	snp	C/T
6	70639473	146015062	snp	A/G
6	70851789	13204209	snp	A/G
6	72960181	778172772	snp	A/G
6	72960181	779743932	in-del	-/A
6	74497102	35466124	snp	C/G/T
6	74516631	35630075	snp	C/T
6	7575740	139830549	snp	A/G
6	80720490	201532549	snp	A/G/T
6	80720490	71309327	multinucleotide-polymorphism	GA/TT
6	80720490	774809607	in-del	-/AG
6	80720490	796800635	in-del	-/TT
6	85466607	117602481	snp	A/C/G/T
7	100636860	199981556	snp	C/T
7	100675817	144713284	snp	C/T
7	100681803	184144086	snp	G/T
7	100687107	117326437	snp	A/G
7	100696616	10244048	snp	A/C
7	101988983	202078839	snp	A/G
7	101992544	781818590	snp	A/G
7	102086862	537794175	snp	A/G
7	102197775	62482993	snp	C/T
7	102902663	4729909	snp	C/T
7	123516961	111907036	snp	G/T
7	123517193	117488620	snp	A/G
7	123610348	11975640	snp	C/T
7	124404402	371391284	snp	A/C
7	124462941	763417070	snp	C/T
7	12662532	200560336	snp	A/G/T
7	128589315	181990029	snp	A/T
7	129125296	201366225	snp	A/C
7	129125296	34127145	in-del	-/A
7	131817833	200763664	snp	A/G
7	132174152	142997259	snp	C/T
7	132174173	142386862	snp	C/T
7	132330718	185711043	snp	G/T
7	134217694	572360790	snp	C/T
7	134618710	6973420	snp	A/G
7	135323444	763827842	snp	G/T
7	138406746	150777839	snp	A/C
7	138434059	61747674	snp	G/T
7	138856895	201231981	snp	A/C
7	138856895	61619775	in-del	-/C
7	138856895	61637455	in-del	-/CTTA
7	139229255	572872012	snp	G/T
7	142458527	148440491	snp	C/G/T
7	142458531	147366981	snp	C/T
7	142625374	369789678	snp	A/G
7	142650888	150812617	snp	A/G
7	143268922	2966648	snp	A/G
7	1477769	200579488	snp	C/T
7	1481903	141206892	snp	A/C/T
7	148800592	146771652	snp	C/G
7	149473432	141128321	snp	C/T
7	149473584	181803407	snp	A/G
7	149500911	748075434	in-del	-/AG
7	149515824	745044	snp	C/T
7	149516839	145311298	in-del	-/C
7	149516839	745646810	snp	C/T
7	149519184	1008336	snp	A/C/T
7	149519733	117822886	snp	A/G
7	149522163	73727642	snp	C/G
7	149522875	73727644	snp	A/C
7	149525728	73727646	snp	C/T
7	149526070	73727650	snp	C/G/T
7	150644404	72549420	snp	A/C
7	150934986	201112871	snp	A/G
7	15652437	370310029	snp	G/T
7	157931003	77347072	snp	C/T
7	157959604	143939066	snp	A/C
7	158066742	112818485	snp	A/G
7	158669372	376591105	snp	A/G
7	17833314	778806263	snp	C/T
7	21630788	60290948	snp	G/T
7	21781653	72657364	snp	A/G/T
7	21894080	73279826	snp	A/C/G
7	26411424	762729749	in-del	-/T
7	27194572	140671509	snp	A/C/T
7	27221066	3837134	in-del	-/T
7	27221066	75993563	snp	C/T
7	27221066	869120684	in-del	-/T
7	2802522	798488	snp	A/G
7	2854010	2644275	snp	C/T
7	30494824	138824111	snp	A/G/T
7	33076071	199569689	in-del	-/T
7	4014033	760915112	snp	C/T
7	4245493	200459788	snp	A/G
7	43153903	192070374	snp	C/T
7	43153903	773543253	in-del	-/GGCAGTGT
7	43484218	200135192	snp	A/G
7	43532667	28759310	snp	C/T
7	43988620	56361703	snp	A/T
7	45650116	78742829	snp	A/G
7	47546547	334497	snp	A/G
7	47546547	373307177	in-del	AA/G
7	47546547	761421522	in-del	-/A/GA
7	47546547	796489684	in-del	-/GA
7	48142921	771684665	snp	A/G
7	48232580	370921866	snp	C/T
7	48284168	186683711	snp	C/G
7	48556313	199647759	snp	C/T
7	6026708	63750668	snp	A/G/T
7	6029571	200513014	snp	A/C/T
7	63207307	551788094	snp	A/G
7	64452738	67047829	snp	A/G
7	64453020	191839562	snp	A/C/T
7	70249756	553945769	in-del	-/AAAACA
7	71134942	767953809	in-del	-/TCTC
7	72436652	121966	snp	A/G
7	72710873	62465074	snp	A/C
7	73482987	41511151	snp	A/G
7	74300890	2530482	snp	A/C
7	75055733	372291559	snp	C/G
7	75633160	12686	snp	C/G/T
7	7571257	75456776	snp	A/G
7	76610363	199614526	snp	A/C/G
7	77815110	201094303	in-del	-/T
7	77824234	533541159	snp	C/T
7	87530095	751464021	snp	A/G
7	8792360	543652671	snp	A/C
7	89929529	28464377	snp	C/T
7	91603003	748409524	snp	C/T
7	94048009	565514458	snp	C/T
7	95727109	138956079	snp	A/G
7	97922679	550275872	snp	A/G
7	98508512	573117303	snp	G/T
7	98508512	575173171	in-del	-/TTTT
7	98546867	565920065	snp	A/G
7	98889990	61745639	snp	C/T
8	100146901	143024324	snp	G/T
8	100168680	76763032	snp	C/G
8	100205255	61753721	snp	A/G
8	100836216	75904081	snp	A/T
8	103289349	763652408	in-del	-/T
8	103289349	775007886	snp	C/T
8	10396146	146805637	snp	C/T
8	110376876	759454281	in-del	-/TTTTTTT
8	110376876	770525586	in-del	-/TT
8	110376876	775638541	in-del	-/TTTTTT
8	110376876	776438150	in-del	-/T
8	110450543	141337729	snp	C/G
8	110523026	758346439	snp	G/T
8	110539186	1783174	snp	A/G
8	110542298	1617259	snp	C/T
8	113236234	190692163	snp	A/G
8	113246587	368478953	snp	C/T
8	113254072	150177556	in-del	-/CGCA
8	113254072	747441129	snp	C/T
8	113325989	574478264	snp	A/G
8	113347729	111443326	snp	A/G
8	113364887	549003842	snp	A/G
8	113649078	61753739	snp	C/T
8	113702204	139010997	snp	C/T
8	114327058	187245935	snp	C/T
8	121293143	3054972	in-del	-/TC/TT
8	121293143	547513598	in-del	-/TTT
8	121293143	766851518	in-del	-/T
8	121293143	778417768	in-del	-/TTTT
8	121293143	796258659	in-del	-/TT
8	12286189	202037735	snp	A/G
8	12286211	754377885	snp	A/G
8	12287878	200979392	snp	C/T
8	12287914	79061869	snp	A/G
8	124140414	200199314	snp	A/T
8	124140414	61061621	in-del	-/T
8	12957581	138749997	snp	C/G
8	12958146	139415835	snp	A/G
8	133894816	146926250	snp	A/G
8	133895127	138561283	snp	C/T
8	135613947	35003767	snp	C/T
8	135614317	180691057	snp	A/G
8	141294248	572094306	snp	A/G
8	14167213	186014310	snp	C/G
8	143694748	147582002	snp	A/C/G
8	144462636	150023627	snp	C/T
8	144641949	138868380	snp	A/G
8	144993931	35261863	snp	C/G
8	145753604	534659082	snp	C/G
8	145780752	376720561	snp	C/T
8	17510766	61733705	snp	C/G
8	17541943	61748836	snp	G/T
8	17581173	73206219	snp	C/T
8	18859415	754779969	snp	A/G
8	19263328	61910741	snp	C/G/T
8	19316053	142456632	snp	A/G/T
8	1998874	780290840	snp	A/C/G/T
8	20005289	577766631	snp	A/G
8	21995695	772776740	in-del	-/TTGCAGGGGTTCAGGGAGGG
8	21998893	372973619	snp	A/G
8	24256681	182143199	snp	C/T
8	26485041	766803727	snp	A/C
8	27151632	149727000	snp	A/C/T
8	27528446	17057523	snp	C/T
8	2808778	376160512	snp	A/G
8	29046351	185552371	snp	C/T
8	30689641	777605108	snp	G/T
8	33330531	538408581	snp	C/G
8	3432527	372720663	snp	C/G/T
8	39463874	200550133	snp	A/C/G/T
8	39468128	73605945	snp	A/T
8	42032604	778113648	snp	C/T
8	43002030	747277724	snp	C/G
8	48962462	778228088	snp	A/G
8	51085417	117476435	snp	A/G
8	52469714	137876232	snp	A/C/G
8	56363712	140925053	snp	A/G
8	6371054	529101459	snp	C/G
8	68340318	754011349	snp	C/T
8	68430189	762501130	snp	C/T
8	70650579	141400405	snp	A/T
8	71499661	76722755	snp	C/T
8	75157416	148651924	in-del	-/A/AA/AAA/AAAA
8	75227090	79004031	snp	A/C
8	77745486	754382758	snp	A/G
8	86244732	61734485	snp	A/G
8	86245527	116866430	snp	G/T
8	90970934	13312903	snp	C/T
8	90983460	34767364	snp	C/G/T
8	91031010	72671850	snp	C/T
8	91057198	148549954	snp	A/G
8	95850520	111421635	snp	C/G/T
8	99101923	146230859	snp	A/C
8	99101976	35368005	snp	A/C
9	100684689	187366296	snp	A/T
9	100778041	200316910	snp	C/T
9	100778049	72755412	snp	C/T
9	101369419	550639213	snp	G/T
9	105767464	10990424	snp	A/G
9	105780717	530518329	snp	C/T
9	107554263	142688906	snp	C/T
9	107560894	571750277	snp	C/G/T
9	114124469	550099767	snp	A/C
9	114124469	761386326	in-del	-/C
9	114187680	201456238	in-del	-/AA
9	116190949	149600087	snp	C/G
9	117124092	536693202	snp	A/G
9	117228	202053571	snp	A/G
9	123380	199967278	snp	A/G
9	124794020	61740840	snp	G/T
9	125156906	561776179	snp	A/G
9	125645471	17220841	snp	C/T
9	125659716	78926480	snp	C/T
9	125761051	605546	snp	A/C/G
9	126144593	373221297	snp	C/T
9	127651541	199954522	snp	C/G/T
9	127685510	79839361	snp	A/G
9	127738293	72765215	snp	A/G
9	130486385	35761147	in-del	-/C/CC/CCCC
9	130486385	762867626	snp	A/G
9	130495504	145839711	snp	C/T
9	130891791	749939499	snp	A/G
9	13126669	751195743	snp	C/T
9	131398694	142859913	snp	A/G
9	131399185	76817280	snp	A/G
9	131492619	771040040	snp	A/G
9	13190162	4740548	snp	A/T
9	13190163	4741289	snp	A/C/T
9	132866764	200527400	snp	A/G/T
9	132985453	199899878	snp	C/T
9	133945051	199535979	snp	C/T
9	133948055	146221263	snp	A/C/G
9	133948184	140955110	snp	A/G
9	133960972	141724499	snp	C/T
9	134394788	117985576	snp	A/G
9	134397464	12115566	snp	C/T
9	135140020	151117904	snp	A/G
9	135172290	752500112	snp	C/T
9	135202325	112089123	snp	A/C
9	135218057	73659013	snp	C/T
9	136030769	532870018	snp	C/G
9	136320666	373910725	snp	A/C
9	136596697	562337959	snp	A/G
9	136916965	550246502	in-del	-/AT
9	138531130	771736756	snp	A/G
9	138662960	369119562	snp	A/G
9	139250436	183383670	snp	A/G
9	139266713	12684674	snp	A/C/G
9	139413803	540158257	snp	A/G
9	139699075	751657121	snp	A/G
9	139743392	111718739	in-del	-/GCGAGGCCTTCGGGCGGTG
9	139750304	772964456	in-del	-/AGGCCCA
9	139750511	61747973	snp	A/C/G
9	139750511	760521303	in-del	-/C
9	139903151	376255327	snp	A/G
9	139935810	149197584	snp	C/G
9	139944580	12005251	snp	A/G
9	139944620	113918890	snp	C/T
9	139944696	12004426	snp	C/T
9	139944696	776206221	in-del	-/CACGACAAAGTTCCCAGCCACCCGCCTGCCCCTACT
9	139994084	749678861	snp	G/T
9	140080931	542457959	snp	C/T
9	140126100	141097884	snp	A/G
9	140130550	28510663	snp	C/T
9	140161630	376239133	snp	A/G
9	140161642	374699224	snp	G/T
9	140161642	543108147	in-del	-/GGTGGG
9	140161642	759539875	in-del	-/GGTGGGGCTGAGGTGGG
9	140174769	138341368	snp	A/G
9	140174857	144345078	snp	A/C
9	140174944	73574789	snp	A/C
9	140174992	188937345	snp	C/G
9	140325279	557059030	snp	A/G
9	140328216	201168117	snp	C/G
9	140391610	192764940	snp	A/G
9	141006877	200917554	snp	C/T
9	14672592	772223253	snp	A/G
9	2039809	797045978	in-del	-/GCAGCAGCA
9	32787992	190846328	snp	A/G
9	34977353	111497336	snp	C/T
9	34990871	147463499	snp	C/T
9	35042827	113761104	snp	A/G
9	35044398	34368082	snp	A/G
9	35092480	35287398	snp	A/C
9	35093321	75289720	snp	A/C/G
9	35295880	35199210	snp	G/T
9	35738146	142621039	snp	C/T
9	35744354	148826503	snp	C/G
9	36170547	368767212	snp	A/G
9	3828379	76094493	snp	A/G
9	5358006	550816857	in-del	-/T
9	68413512	1809618	snp	G/T
9	70972049	565099195	snp	A/G
9	71002414	147088544	snp	A/C
9	71820148	4493966	snp	A/G
9	71852905	73450890	snp	C/G/T
9	71852905	768708302	in-del	-/T
9	71869180	200425899	snp	A/C/G
9	74365225	149563104	snp	C/T
9	78910241	2842480	snp	G/T
9	78910273	2643325	snp	C/T
9	78925765	61744750	snp	A/C/G
9	78936564	11144829	snp	A/G
9	79938036	149694033	snp	C/T
9	79938069	41289969	snp	A/G
9	79969723	546418966	snp	C/T
9	8436946	145150850	snp	A/T
9	86495666	192301158	snp	A/G
9	94058288	781269099	snp	A/G
9	95576463	573832053	snp	A/C
9	96209160	117128404	snp	C/G
9	98209490	140417636	snp	A/G
9	98230926	559846078	in-del	-/T
9	98230926	563464356	in-del	-/T
9	99581343	146058964	snp	C/T
10	102672529	778997731	snp	G/T
10	103826619	141011469	snp	A/G
10	104678689	763792047	snp	G/T
10	1060176	775228386	snp	A/G
10	1063033	763449480	snp	A/G
10	1087455	112832376	in-del	-/A
10	1087455	759288089	in-del	-/AA
10	1087489	139754347	snp	A/T
10	1087567	200068259	in-del	-/GG
10	1089635	144262408	snp	C/T
10	1089795	141491506	snp	C/T
10	1102705	188593498	snp	C/G
10	1102751	549672073	snp	G/T
10	115377224	150955833	snp	G/T
10	115412687	3127113	snp	C/T
10	115658095	190663916	snp	A/G
10	1177652	397937689	in-del	-/TG/TGCG/TGTGTGTG
10	1177652	796202050	in-del	-/GC
10	119305005	8192640	snp	C/T
10	120353899	116062593	snp	A/C
10	120354010	41300243	snp	A/G/T
10	121182787	114716704	snp	C/T
10	121191050	140741672	snp	A/C/T
10	121429394	35434411	snp	A/C/T
10	122650570	146655046	snp	C/G
10	124036327	115514164	snp	C/T
10	124600502	36212406	snp	A/G
10	126311273	368239828	snp	C/T
10	126370076	149871877	snp	G/T
10	129847917	748335470	snp	C/G
10	132891847	761617036	snp	C/G
10	133769142	368806894	snp	A/G
10	133983398	866961508	snp	C/T
10	134624546	41306838	snp	A/G
10	134646988	4880433	snp	C/G/T
10	135491028	370060335	snp	A/G/T
10	16957811	117711403	snp	C/T
10	17024509	140970422	snp	A/G
10	17087074	141740096	snp	A/C/T
10	17110639	148869805	snp	C/T
10	26791878	117439316	snp	A/G
10	27687638	142594066	snp	C/T
10	27687760	200872708	in-del	-/T
10	29578181	67858905	in-del	-/TGAAGCCAACTGTCTC
10	30652615	753909834	snp	A/C
10	3183003	71477812	snp	A/G
10	3205908	145778387	snp	A/C
10	32742258	780465829	in-del	-/T
10	43892749	541952517	snp	A/C
10	45499887	201510502	snp	A/G
10	45499887	67349579	in-del	-/C
10	45499887	746269384	in-del	CTGTGGAAGAA/TGTGGAAGAAAAAATT
10	49385987	536999954	snp	A/G
10	49931615	111563360	snp	A/G
10	49934020	34731704	snp	A/G
10	50040769	115440217	snp	C/T
10	5005941	28464583	snp	A/C
10	51859751	201610656	snp	A/C
10	61844697	183712318	snp	A/C
10	64927837	71508957	snp	C/T
10	64969000	201215278	in-del	-/AACAA/AACAAAACAAAACAAAAC
10	66585240	16920430	snp	A/G
10	69750789	5785841	in-del	-/A
10	69750789	746479287	in-del	-/AA
10	72111882	34258083	in-del	-/G
10	72111882	72642216	snp	G/T
10	7679351	775459630	snp	C/T
10	78799628	368329095	snp	C/T
10	81374270	368700152	in-del	A/GCCCACTGCCTG
10	81374270	4253533	snp	A/G
10	84738832	769203767	snp	C/T
10	860970	61731095	snp	A/G
10	871689	778027831	snp	C/T
10	88414554	143330369	snp	C/T
10	88419245	149963166	snp	A/C/G/T
10	88419245	754986754	in-del	-/GGGCTACA
10	88476446	143764931	snp	C/G
10	88946889	11816168	snp	A/G/T
10	88988555	200884340	snp	C/T
10	88988562	28375790	snp	A/G
10	92678741	111461553	in-del	-/ATAAATAAATATATATATATAT
10	92678741	72003210	in-del	-/ATAAATAAATATATATAT
10	92678741	750974250	in-del	-/ATAAATAAATATATATATAT
10	92678741	751458325	in-del	-/ATAAATAAATATATATATATATAT
10	92678741	751818504	in-del	-/ATAAATAAATATATAT
10	92678741	757647465	in-del	-/ATAAATAAATAT
10	93695546	762142021	in-del	-/T
10	93695546	767926166	in-del	-/TT
10	93744282	745395203	snp	C/T
10	95070284	147504979	in-del	-/CT
10	95107325	201859265	snp	A/G
10	95107325	759428893	in-del	-/AAAAAAAAAAG/AAAAAAAAAG/AAAAAAAAG/AAAAAAAG/AAAAAAG/AAAAAG
10	95185933	59229798	snp	A/G
10	95185933	757290200	in-del	-/G
10	95429632	79307310	in-del	-/A
10	96087647	566663831	snp	C/T
10	96253040	535918626	snp	C/T
10	97106068	546762435	in-del	-/T
10	97154830	62625036	snp	C/T
10	97192090	374829905	in-del	-/A
10	97192090	57183295	snp	A/C/T
10	97192090	796178434	multinucleotide-polymorphism	AC/CT
10	97192093	943541	snp	C/G/T
10	98363813	111902593	snp	A/G
10	98778796	200648437	snp	G/T
11	1025091	142727563	snp	C/T
11	102649773	536678761	snp	C/T
11	1029349	201771202	snp	C/T
11	102980505	112718117	snp	C/T
11	102992224	202233363	snp	A/C
11	104872625	113741374	in-del	-/AC
11	105009995	142052235	snp	A/G
11	10521793	771210624	snp	A/G
11	10527144	188781327	snp	A/G
11	107535820	199808335	snp	A/G
11	1080479	374947290	snp	C/T
11	1095325	750040866	snp	A/G
11	110451011	146021011	snp	A/G
11	110461544	7950958	snp	A/G
11	111368040	148361475	snp	C/T
11	111591054	117509376	snp	C/T
11	111592326	117817889	snp	C/T
11	111624270	115165302	snp	C/G/T
11	111635566	1805076	snp	A/G
11	111746041	117189763	snp	A/G
11	111746231	118065273	snp	A/G
11	111747587	75258745	snp	C/T
11	111753246	117090799	snp	A/G
11	111754152	781962985	in-del	-/A
11	111896251	61757217	snp	C/G
11	111907751	117235267	snp	G/T
11	111916559	116892694	snp	C/T
11	111921906	78285712	snp	A/C
11	111938702	146735794	snp	G/T
11	111938864	151070317	in-del	-/CT
11	111942362	117706566	snp	A/G
11	111944124	188851125	snp	C/T
11	117298930	556871617	snp	C/T
11	117314702	201176906	snp	A/G
11	117782283	761375476	snp	A/G
11	118772287	144029087	snp	A/G
11	118914923	200310947	in-del	-/AC
11	11978351	757666536	snp	A/T
11	120308003	765795751	in-del	-/T
11	120317731	138160103	snp	A/G
11	120984439	138644808	snp	C/T
11	120989442	532912235	snp	A/G/T
11	121032819	142948530	snp	C/T
11	121415926	775691497	snp	C/T
11	121440937	146903951	snp	C/T
11	121500400	73020651	snp	A/C
11	122827274	184211693	snp	C/T
11	122827298	368162548	snp	A/C
11	124830064	188601112	snp	A/G
11	1252343	546682274	snp	A/G
11	12533410	141147981	snp	G/T
11	125828489	145359005	in-del	-/TATA
11	1272259	201216315	snp	A/G/T
11	128844255	142035188	snp	G/T
11	129785536	376393310	snp	A/G
11	129800900	200505119	snp	A/T
11	129817175	149863373	snp	C/T
11	13388403	531198789	snp	A/G
11	13410691	3833472	in-del	-/TTTC
11	14282053	751299242	snp	A/G
11	15267405	544254151	snp	A/G/T
11	16036482	139623452	snp	A/G
11	1605979	59646474	snp	A/G
11	1605983	59007122	snp	C/G
11	17449969	117189973	snp	A/G
11	17449969	753537691	in-del	-/G
11	1861911	759187900	snp	C/T
11	18735677	148308967	snp	A/G
11	18741917	556375471	snp	C/T
11	19076659	568516548	snp	C/G
11	20628700	147290648	snp	C/T
11	20629431	185936036	snp	A/G
11	20652328	771753499	snp	C/T
11	33108703	772229084	snp	A/C
11	33753022	1632527	snp	C/T
11	35017050	555691861	snp	C/G
11	35989930	529251315	snp	G/T
11	4091125	547541478	snp	A/G
11	45263841	532624092	snp	C/T
11	45955585	144966693	snp	C/T
11	46699512	767711538	snp	G/T
11	46800395	149974426	snp	A/C/T
11	46837632	138213322	in-del	-/CA
11	46837632	386753219	in-del	A/CAT
11	46837632	398015962	in-del	-/G
11	46837632	80341157	snp	A/C
11	46837634	58152993	in-del	-/T
11	46837634	77827651	snp	A/C/T
11	46837634	782801753	in-del	-/TT
11	46837634	869267167	in-del	-/T
11	47348421	778571117	snp	A/C
11	47371261	11570053	snp	A/G
11	47371414	11570052	snp	A/G
11	47431763	368796707	snp	C/T
11	49056629	547644056	snp	C/T
11	4976145	56066301	snp	C/G
11	5269585	61893083	snp	A/G
11	5269586	377766148	in-del	-/CAG/G/GCAAGAG
11	5269586	5789383	in-del	-/A
11	5269586	62755960	snp	A/G
11	55339709	370139409	snp	A/G
11	55340057	144962866	snp	A/G
11	55747474	756909649	snp	A/C/T
11	55761734	140060499	snp	A/T
11	55761867	144123172	snp	A/G
11	56019925	17150243	snp	G/T
11	561477	142735008	in-del	-/G
11	561905	200061286	snp	A/G
11	562366	191057277	snp	C/T
11	563400	34822421	snp	C/T
11	59554815	190537676	snp	G/T
11	60703422	752143015	snp	A/C
11	61523106	564235176	snp	C/G
11	62288649	77865984	snp	C/G
11	62296892	115036524	snp	C/T
11	62420552	11600264	snp	C/T
11	63402778	146755935	snp	C/G/T
11	63675949	118063077	snp	A/G
11	63756157	369002057	snp	A/G
11	64116842	145110055	snp	G/T
11	64123095	61738780	snp	A/G
11	64510250	116796696	snp	C/T
11	6453444	77169749	snp	A/T
11	64569959	71581729	snp	A/G
11	64601055	71539678	snp	C/T
11	64604199	759076176	snp	C/G
11	64673907	117361031	snp	C/T
11	64678047	138707420	snp	C/T
11	64876347	373780734	snp	C/T
11	65294330	757117609	snp	C/T
11	65294598	57664614	snp	A/C
11	65303420	76955800	snp	A/G
11	65601650	370682280	in-del	CTGCCTC/G
11	65601650	548082010	snp	C/G
11	65601650	61714114	in-del	-/GTGTGTGTGTCTGTGTGTGTGTGGT
11	65632507	61754785	snp	A/G
11	66191859	71457718	snp	A/C
11	66192759	761124268	snp	C/T
11	6647509	148323523	snp	A/T
11	6650684	117031105	snp	A/T
11	6661640	200280593	snp	C/T
11	67262411	144939807	snp	A/C/T
11	67266392	192293629	snp	C/G
11	70002185	111619972	snp	A/T
11	70002185	59375526	in-del	-/A
11	70007820	375666290	snp	A/G
11	70331937	143595073	snp	A/C/G
11	70332111	116984460	snp	A/G
11	72301459	114988042	snp	C/T
11	72548774	189529446	snp	C/T
11	73717267	142952570	snp	A/C/T
11	73753157	142851617	snp	C/T
11	73814689	186977512	snp	A/G
11	76423755	115262972	snp	A/T
11	76427520	56336901	snp	C/T
11	76427947	78572914	snp	C/T
11	76733913	10565723	in-del	-/AAAAAAAAAAAAAAA
11	76733913	782135555	in-del	-/AAAAAAAAAAAAAAAA
11	802628	369310654	snp	A/G
11	82977233	3937279	snp	C/T
11	86657409	61903831	snp	A/G
11	86666052	140601725	snp	G/T
11	89531476	200639518	snp	G/T
11	89608439	867747106	snp	C/G
11	899384	751106802	snp	G/T
11	92086662	16917409	snp	A/G/T
11	92087959	80293525	snp	A/G
11	92531377	150673105	snp	A/G
11	93148179	61747195	snp	C/G/T
11	93148179	781041785	in-del	-/TG
11	93170913	369770288	snp	C/T
11	93170913	757115680	in-del	-/CA/CG/G
11	93170919	372430437	snp	A/C/G
11	93170919	768739084	in-del	-/CCCCCCG
11	93412562	76609251	snp	C/T
11	93456410	199658935	snp	C/T
11	95825037	77959876	snp	G/T
11	96074533	117349218	snp	A/C
12	100711568	79280236	snp	A/G
12	100729646	56237749	snp	A/G
12	104048446	149524008	snp	G/T
12	104067934	17034360	snp	A/C
12	104377015	773340846	in-del	-/T
12	105260366	34984157	in-del	-/A
12	105260366	561118730	in-del	-/AAA
12	105260366	61036188	in-del	-/AA
12	105260366	748857039	in-del	-/AAAA
12	105260366	770425195	in-del	-/AAAAA
12	107002560	529835966	in-del	-/T
12	107002560	576745296	in-del	-/T
12	10851812	199851560	in-del	-/T
12	110399143	139764125	snp	A/G
12	110656163	866722300	snp	A/G
12	111070526	535339043	snp	A/C
12	111078278	118057448	snp	A/G
12	111801216	748983328	snp	A/G
12	112580163	545045412	snp	A/T
12	112704887	532426784	snp	G/T
12	113386675	745326386	snp	C/T
12	113806695	117643630	snp	A/G
12	11420534	200117404	snp	C/G
12	115120699	749807447	in-del	-/GTC
12	117595754	201969932	snp	C/G/T
12	117693817	11068428	snp	A/G
12	117769420	774613928	snp	C/T
12	118610323	112958260	snp	A/C/T
12	118704579	145694401	snp	A/G
12	119560102	756478029	in-del	-/AGG
12	121203893	762176472	in-del	-/GCGC
12	123276763	755869793	in-del	-/TTTTTTGAGACAGGGTC
12	123481962	200180376	snp	C/T
12	123699203	201036795	snp	G/T
12	123699203	869271019	in-del	-/TTT
12	124144150	11573002	snp	C/T
12	124144573	538619452	in-del	-/T
12	124144573	766785322	in-del	-/TT
12	124258435	139800462	snp	A/G
12	124285062	146797106	snp	C/T
12	124298030	143713799	snp	A/G/T
12	124298077	117037408	snp	C/T
12	124311162	76602994	snp	C/T
12	124343646	145052133	snp	C/T
12	124360212	545969318	snp	C/T
12	124363717	532373323	snp	G/T
12	124371684	183446331	snp	C/T
12	124809924	11461339	in-del	-/CCG
12	12673086	190593319	snp	C/T
12	129467660	200864217	snp	A/C
12	130847603	374592795	snp	C/T
12	130922884	201205931	snp	A/G/T
12	130922884	3215244	in-del	-/T
12	130922884	554685064	in-del	-/C/CC/CCC
12	130922884	796613531	in-del	CA/CC/T
12	131692280	5011512	snp	A/G
12	132466911	112441390	snp	C/T
12	132633030	557672057	snp	A/G
12	133353117	7136321	snp	A/G
12	133383722	149336460	snp	A/G
12	133683020	2229373	snp	C/T
12	14577265	200853057	snp	G/T
12	14578354	111490805	snp	C/T
12	18466764	199985050	snp	A/G
12	18466764	763303555	in-del	-/CACG
12	19475235	371732078	snp	A/G
12	19475611	368336440	in-del	-/T
12	19475611	766938625	in-del	-/TT
12	20874600	34902740	in-del	-/A
12	20874600	369583222	in-del	-/AA/T
12	20874600	77725992	snp	A/T
12	22826493	371547299	snp	C/T
12	26755814	186260458	snp	A/G
12	2675627	367644389	snp	C/G
12	27529555	531736486	snp	A/G
12	2800220	201090446	snp	A/G
12	40044028	767221613	in-del	-/T
12	40044313	187388597	snp	A/G
12	40753044	111612315	in-del	-/T/TT/TTT
12	40753044	201208420	snp	C/T
12	43777597	199562890	snp	C/T
12	43846199	79065113	snp	A/G/T
12	46320453	150900606	snp	C/T
12	46320876	137971738	snp	A/C/T
12	48110681	137896461	snp	A/G
12	48176537	558862661	in-del	-/T
12	48250762	550094395	snp	C/T
12	4854722	201387598	snp	A/G
12	4855365	71579269	snp	G/T
12	49065994	140947523	snp	A/G
12	49724677	530806755	snp	A/C/T
12	49982501	185453954	snp	G/T
12	49994785	143179540	snp	A/G
12	51675246	138883094	snp	C/T
12	51685707	117691477	snp	C/T
12	52776434	539434356	snp	A/G
12	52981584	368767777	snp	A/C/T
12	53808869	142501751	snp	C/T
12	54630212	768109556	snp	A/G
12	56482107	180672570	snp	C/T
12	56493241	534918586	snp	A/G
12	56599353	201728675	snp	A/G
12	56599353	539856586	in-del	-/A
12	56599353	71446539	in-del	-/A/G
12	56983865	557688247	snp	C/T
12	57006060	749609490	in-del	-/AA
12	57006060	756749235	in-del	-/A
12	57029969	201499595	snp	A/T
12	58163305	200262817	snp	C/G/T
12	58163305	3216815	in-del	-/A
12	62749336	545649456	snp	C/T
12	62938798	750359866	snp	A/G
12	63543546	143430583	in-del	-/TTTT
12	64895099	41292027	snp	A/G
12	654811	200653960	in-del	-/GAGGAGT
12	662412	35419938	snp	C/G
12	662695	151321644	snp	C/T
12	6658165	757458002	snp	A/G
12	69247669	368106774	snp	G/T
12	69247669	368997350	in-del	-/GCTA
12	7015720	116689978	snp	C/T
12	7023103	143606018	snp	C/T
12	7045880	193922934	microsatellite	(CAG(8_25))
12	7045880	201442555	in-del	-/CAGCAA
12	7045880	782301469	in-del	-/CAGCAACAGCAACAG
12	7045880	782402766	in-del	-/CAGCAACAGCAACAGCAGCAGCAGCAGCAGCAG
12	7045889	199920334	in-del	-/CAA
12	72009100	769982272	in-del	-/A
12	72009100	777783186	snp	A/G
12	73057417	774731141	snp	A/G
12	7310565	370309756	snp	C/T
12	75884345	370305048	in-del	-/CGCA
12	75884345	56140510	in-del	-/CC
12	75884345	796791337	in-del	-/CG
12	7946843	67193376	in-del	-/G
12	8082515	781731264	snp	C/T
12	80899857	147541734	snp	C/G/T
12	80900381	12579151	snp	C/T
12	8374663	77978823	snp	C/T
12	8375229	199973079	snp	A/G
12	8375229	746638130	in-del	-/GAG
12	85451035	138437015	snp	C/T
12	85674221	115440539	snp	A/G
12	8987285	73037000	snp	A/G
12	9004396	370582885	snp	A/G
12	9007368	184386564	snp	A/C
12	91347378	145405070	snp	C/T
12	91347999	115451948	snp	C/T
12	92821861	11284604	in-del	-/T
12	92821861	200534433	snp	A/G
12	93155411	749833831	in-del	-/A
12	93155411	750831243	in-del	-/AACA/AAGA/AAGAAAGG
12	93155411	867234572	snp	A/G
12	96374661	76132301	snp	C/T
12	96418448	5800241	in-del	-/T
12	988628	369097774	in-del	-/G
12	988628	373140135	snp	G/T
12	98992538	568877839	in-del	-/TTTTTTTTTGTT
13	103389885	77353067	snp	C/G/T
13	103399313	145707243	snp	A/G
13	109707457	146716803	snp	A/G
13	110434606	763864330	snp	G/T
13	113487286	143634322	snp	G/T
13	113516646	185694935	snp	C/T
13	113720477	143965865	snp	A/G
13	113724392	561285154	snp	A/G
13	114537849	576760094	snp	C/T
13	19626473	200006649	in-del	-/GA
13	21063304	17247741	snp	C/G
13	23913549	147099630	snp	C/T
13	24894978	12857801	snp	C/T
13	25487103	35498994	snp	A/C/T
13	28552425	9579139	snp	G/T
13	31233222	60077235	snp	G/T
13	31233231	143197066	snp	C/T
13	31233381	148894312	snp	C/T
13	33687269	139723476	snp	C/G
13	33739254	754343972	snp	C/T
13	41533081	374454604	snp	A/G
13	42293774	757024631	snp	A/G/T
13	46538118	143461574	snp	A/G/T
13	46538157	145973327	snp	C/T
13	47224283	182473321	snp	A/G
13	48575103	549490637	snp	C/G
13	50094922	531676386	snp	C/T
13	50274594	775786299	snp	A/T
13	73366569	113955522	snp	C/T
13	73547716	768986561	snp	G/T
13	73547716	769501382	in-del	-/T
13	75915303	201972898	snp	G/T
13	96511785	558796622	snp	C/T
14	100123159	760443547	snp	A/G
14	100166650	184728407	snp	C/T
14	100166651	189175924	snp	A/G
14	100192873	182087635	snp	C/T
14	100380995	145292067	snp	C/T
14	101005435	146033303	snp	G/T
14	101010315	202019599	snp	A/C/G/T
14	101423552	376915957	snp	A/G
14	101507541	112745626	snp	A/G
14	103196494	576634405	snp	A/G
14	103466048	35954043	snp	C/T
14	103592967	150708249	snp	C/G
14	105054273	138014749	snp	A/G
14	105055113	781004458	snp	A/G
14	105416734	34752012	snp	C/G/T
14	105416837	770560938	snp	A/C/T
14	105420590	140752229	snp	C/T
14	105695262	118003663	snp	A/C/G/T
14	105905172	75607504	snp	A/G
14	105963794	368327217	snp	C/T
14	20296055	149523724	in-del	-/T
14	21556272	763756836	snp	C/T
14	21677509	563947863	snp	A/T
14	23755459	538934881	snp	C/T
14	24429180	17422812	snp	A/C
14	24435564	1043650	snp	C/T
14	24886667	752372088	in-del	-/GGTGCCCCCTGCCCCAGGGCC
14	35560625	564050249	snp	C/T
14	36943070	776702897	snp	A/G
14	38060198	577328157	snp	C/G
14	38061547	112819884	snp	C/G
14	50952367	112014477	snp	C/T
14	50952367	775646538	in-del	-/A
14	50952368	747404908	in-del	-/A
14	50952806	189705572	snp	C/T
14	50952806	776964970	in-del	-/T
14	51100585	181479542	snp	C/T
14	51288848	540572495	snp	C/T
14	52473372	147018937	snp	C/T
14	52477782	1151578	snp	A/C
14	52493937	149428702	snp	C/T
14	52493997	144461334	snp	A/G
14	52507491	117965887	snp	A/C
14	52508948	150406341	snp	A/G
14	55518432	375878355	snp	A/C/G/T
14	55621357	142873440	snp	A/T
14	55642696	150759912	snp	A/G
14	56078713	377000110	in-del	-/G
14	61858203	78160205	snp	A/T
14	62567072	372457567	snp	A/T
14	64450479	78191145	snp	A/G
14	64457109	17101523	snp	A/G
14	64488739	35883188	snp	A/T
14	64580075	61747118	snp	C/T
14	64588825	36021513	snp	A/C
14	64593207	61987277	snp	A/C/G/T
14	64595154	61987278	snp	A/G
14	64625344	142660236	snp	C/T
14	64689956	147470935	snp	A/C
14	64690107	116394628	snp	A/G
14	69787234	138830107	in-del	-/G
14	69787234	143112861	snp	A/G
14	70793185	11621661	snp	A/T
14	71138209	556005770	snp	A/G
14	73721533	200287233	snp	C/T
14	74417138	758235682	snp	A/G
14	74426285	759810630	in-del	-/T
14	74426285	760914671	in-del	-/TT
14	77257370	565488118	snp	A/G
14	81663878	191672133	snp	A/G
14	81951796	549323668	snp	G/T
14	81969383	530729554	snp	C/T
14	91593053	8009644	snp	A/T
14	93686594	756895360	snp	A/G
14	93710723	113937870	snp	A/G
14	93940751	151091756	snp	A/G
14	94125865	756641308	snp	A/G
14	95598040	182826462	snp	A/G
14	95660182	149684020	snp	C/T
14	96709423	189444744	snp	C/G
14	96748761	79885936	snp	A/G
14	96749908	146799686	snp	G/T
14	96751009	144584949	snp	C/G
14	96751009	386780406	multinucleotide-polymorphism	CC/GT
14	96756968	115346468	snp	C/T
14	96757339	79951626	snp	G/T
14	96768335	150538996	snp	A/G
14	96769536	35682045	snp	A/G
14	96776047	144774597	in-del	-/C
14	96795682	143905803	snp	C/G
14	96811586	61740267	snp	A/G
14	96813333	115343702	snp	C/T
14	96813333	35475574	in-del	-/G
14	97010628	368264194	snp	A/G
14	99635714	565229131	in-del	-/AC
15	102292955	200232711	snp	C/T
15	102300000	867473980	snp	A/G
15	102301406	532324151	snp	C/T
15	102304650	7169244	snp	A/G
15	102513138	775980161	snp	A/G
15	102516228	866919710	snp	A/G
15	20744035	571620067	snp	G/T
15	22743380	769281813	in-del	-/GAGCAGGAGGAGAAGATATGG
15	22956212	530831446	snp	C/T
15	23261288	564767064	snp	A/C
15	23261551	375324187	in-del	-/TCAGTGT
15	23261551	573497334	snp	C/T
15	23603053	372198525	snp	G/T
15	23690466	2344896	snp	C/T
15	23690469	2344897	snp	A/G
15	28358819	138725743	snp	C/T
15	28419606	140440992	snp	A/G
15	28422557	761207806	in-del	-/A
15	28447282	74005645	snp	A/C/G/T
15	28459786	113212089	snp	C/G/T
15	28474686	118112076	snp	C/G
15	28483836	200259544	snp	G/T
15	28493688	57189560	snp	A/C/T
15	29674052	145029356	snp	C/T
15	31266504	745563557	in-del	-/T
15	31338248	553314734	snp	A/C
15	32449987	408234	snp	C/T
15	33256215	375834477	in-del	-/G
15	33256215	74014361	snp	A/G/T
15	33256215	777105308	in-del	-/AT
15	34157772	560272482	snp	C/G
15	35834434	556562229	snp	A/G
15	37188706	796598318	in-del	-/A
15	41222025	3212277	snp	C/T
15	41229049	201457846	snp	C/G
15	41991377	772277334	in-del	-/T
15	42442938	148006230	snp	A/G
15	42521066	773390826	snp	A/T
15	42590034	72720909	snp	C/T
15	43622098	35910853	snp	G/T
15	43622441	200429843	snp	A/C/G
15	43818115	145659671	snp	A/G
15	43819862	190284479	snp	A/C/G/T
15	43989900	3866953	snp	A/C
15	44792171	561405581	snp	A/T
15	44819247	184343356	snp	A/G
15	48052955	80027548	snp	C/T
15	50515491	78302431	snp	A/G
15	50647206	533367993	snp	C/T
15	50717024	373818477	in-del	-/T
15	50717024	57263195	in-del	-/T
15	50833613	7167032	snp	A/G
15	50906694	148916059	snp	C/T
15	50955482	116725765	snp	C/T
15	51535001	58282176	snp	A/G
15	51758581	138473578	in-del	-/AT
15	51758581	576340571	snp	A/G
15	51766637	371331405	snp	A/C
15	51766637	374313651	in-del	-/A/AA/AAA/AAAA/CAAA/TAAA
15	52201472	116176374	snp	G/T
15	52643580	776882656	snp	C/T
15	54624219	755532609	snp	A/C
15	54847936	76565187	snp	C/T
15	55619725	374989533	snp	A/G
15	55646961	186572807	snp	A/T
15	55908608	77833203	snp	A/C
15	55909950	115376600	snp	C/T
15	56658159	76443022	snp	A/G
15	56736570	114511129	snp	C/G
15	56736965	144803743	snp	C/T
15	56969625	183584270	snp	A/C
15	56991491	529467520	snp	C/T
15	56993007	372082345	snp	A/G
15	57138412	186640920	snp	C/T
15	57489952	186044257	snp	G/T
15	57539945	530442121	snp	G/T
15	57539946	543779523	snp	C/T
15	57543331	192626635	snp	G/T
15	57543331	370758635	in-del	-/T
15	57598410	190649614	snp	C/T
15	58983137	116468023	snp	C/G
15	59506322	142112146	in-del	-/AT
15	62201334	35201581	in-del	-/A
15	62201334	527349120	in-del	-/A/AA
15	62201334	796581643	in-del	-/AA
15	62204043	115869241	snp	A/G
15	62219337	75341202	snp	A/G
15	62995056	144036109	snp	A/G
15	65684226	139423668	snp	A/G
15	65684690	75405617	snp	C/T
15	65847113	373836136	in-del	-/A
15	72074354	781548621	snp	A/G
15	74239442	147320272	snp	A/G
15	75968271	146031243	snp	C/T
15	75968921	117177957	snp	C/T
15	75982058	147116973	snp	A/T
15	75985469	112660485	snp	A/C
15	77175929	75188435	snp	A/G
15	79058394	146420162	snp	C/T
15	79058454	138786978	snp	A/C/T
15	79089074	61752773	snp	C/T
15	79288435	184691749	snp	C/G
15	79589200	148335870	snp	A/G
15	82808746	28473431	snp	A/G/T
15	84651321	140552733	snp	C/T
15	84700108	35633782	snp	A/G
15	84909342	62028127	snp	C/T
15	99250921	55770488	snp	C/T
15	99467831	56400113	snp	C/T
16	11785220	17674449	snp	A/G
16	1245509	60593994	snp	C/G
16	1268044	147142971	snp	A/C/T
16	1279420	781114024	snp	A/G
16	12798882	186670586	snp	A/G
16	1279960	766683686	snp	A/G
16	12875270	202125394	in-del	-/AG
16	15725159	143281775	snp	C/T
16	15729650	192438053	snp	A/C/T
16	1705536	139756038	snp	A/G
16	19073120	143244351	snp	A/C
16	19873073	542456338	snp	A/G
16	20381058	375545646	snp	A/G
16	20554527	373308064	snp	A/G
16	20565085	557610015	in-del	-/GAGCTCAGCTT
16	21093012	146523799	snp	C/T
16	21098150	113169729	snp	A/G
16	21139071	72780871	snp	A/G
16	2141776	201204878	in-del	-/CCC
16	2153723	200491536	snp	C/T
16	21667633	761270291	snp	C/G
16	21742542	400128	snp	A/G
16	2331230	138769732	snp	C/T
16	23425090	756540721	snp	G/T
16	23535306	200036419	in-del	-/TC
16	23535306	779505631	in-del	-/TCTCT
16	23712222	745655413	snp	C/T
16	2374549	45592133	snp	A/G
16	24788434	11644562	snp	A/C
16	24788434	759323821	in-del	-/GCAGCCGCAGCAGCA
16	2505622	150822354	snp	C/T
16	2506800	61755288	snp	A/G
16	25172532	776859588	in-del	-/T
16	25251643	199536276	snp	C/T
16	25263272	201469560	snp	A/G/T
16	25264243	750316662	in-del	-/A
16	2806619	117160431	snp	C/T
16	28118011	137993656	snp	A/T
16	2814575	145200443	snp	A/C/T
16	28354119	759966996	snp	A/G
16	28549999	749626856	in-del	-/A
16	28615769	567216691	snp	C/T
16	28649876	541230462	snp	G/T
16	29677369	561240203	snp	A/G
16	29841817	114782965	snp	C/T
16	29853226	112211912	snp	C/G
16	29906660	777993672	snp	C/T
16	30016636	751923078	in-del	-/T
16	30016636	776212339	snp	C/T
16	30016636	780421464	in-del	-/TCCCA
16	30016653	759306300	in-del	-/C
16	30064485	192333744	snp	A/G
16	30593847	199846271	snp	C/T
16	334531	182349041	snp	C/T
16	334899	141542731	snp	A/G
16	3349548	759089115	snp	C/T
16	4163754	52791170	snp	G/T
16	4388188	571482423	snp	C/G
16	4721221	78832180	snp	A/G
16	4867515	112542047	snp	C/T
16	4896509	111407523	snp	A/G
16	53515565	569507394	in-del	-/T
16	53515565	75761500	snp	A/T
16	53515565	781242826	in-del	-/TT
16	55862851	567541939	snp	C/T
16	55862863	760641087	snp	A/C
16	55862877	549984975	snp	A/G
16	56677856	535015838	snp	A/G
16	56692910	368227290	in-del	-/T
16	56919438	140798236	snp	C/G
16	570348	545739202	snp	A/G
16	57057679	12445252	snp	C/G/T
16	599283	113355690	snp	C/T
16	66975411	535104631	in-del	-/T
16	67220499	147432381	snp	C/T
16	67221494	79820293	snp	C/T
16	67236872	145897231	snp	A/C/T
16	67237549	200334169	snp	A/G
16	67708831	45616637	snp	C/T
16	69776711	148154521	snp	A/G
16	70009172	3874540	snp	C/G
16	70380876	373843943	snp	G/T
16	70599118	564689396	snp	A/G
16	71220668	113448164	snp	C/T
16	71220794	78964247	snp	G/T
16	71408493	546231096	snp	A/G
16	71680584	764202414	in-del	-/TTCA
16	72011162	139831076	snp	C/G
16	72020531	574473323	snp	A/G
16	72032311	112356548	snp	C/G
16	72160141	577815870	snp	C/T
16	72821916	117523752	snp	C/G/T
16	72827200	200690104	snp	A/C/G/T
16	72831555	147120168	snp	C/T
16	731789	191288334	snp	C/G/T
16	732799	201419838	snp	C/T
16	733711	777066990	snp	A/G
16	74334932	772759169	in-del	-/T
16	74481608	373050068	snp	A/G
16	75239867	774772776	snp	A/G
16	772797	201006875	snp	G/T
16	774307	751454157	in-del	-/C
16	78149000	141361080	snp	C/T
16	78466409	186745328	snp	G/T
16	81095915	201312033	in-del	-/A
16	81161497	751551646	snp	A/G
16	81193344	143351043	snp	C/T
16	81211587	148177245	snp	C/T
16	818452	150425699	snp	A/C/G/T
16	818687	141160926	snp	C/T
16	87445417	138128554	snp	A/G
16	88504733	111494864	snp	A/C/G
16	88764889	376583786	snp	C/T
16	88782267	150172633	snp	A/G
16	88782329	368997650	in-del	-/CACT
16	88792725	34246477	snp	C/T
16	88793377	77276858	snp	A/G
16	88799679	556884023	in-del	-/C
16	89628449	139622985	in-del	-/AA
16	89799124	371629999	snp	C/T
16	89805472	553145380	snp	A/C
16	89985131	3212379	snp	C/T
16	89985752	796296176	in-del	-/A
16	90098866	183146531	snp	A/G
16	90160481	71634635	snp	C/G
16	90282156	572498057	snp	G/T
17	10404653	144827751	snp	C/T
17	10409430	758093175	snp	C/T
17	10411253	150346984	snp	C/T
17	11532715	28665591	snp	C/T
17	11696996	377376864	snp	A/G
17	11697016	767401891	in-del	-/AA
17	11697016	774198053	in-del	-/A
17	1368960	370234417	snp	C/G
17	14005617	534873179	snp	A/G
17	1504790	116929249	snp	C/G
17	1520016	149235737	snp	C/T
17	15212007	35855709	snp	A/G/T
17	15215589	139253588	snp	A/G
17	15217563	148394786	snp	A/G
17	15448886	60195490	snp	A/T
17	15448887	58105713	snp	C/T
17	1552519	183827902	snp	C/T
17	17962163	377426399	snp	C/G
17	17962163	777727235	in-del	-/CT
17	18025400	754109028	snp	G/T
17	18301796	764515452	snp	A/G
17	19286482	747229896	snp	C/T
17	19748913	745496060	snp	A/C
17	2297598	58552657	in-del	-/AC/ACACA/ACACACA/ACACACAA/ACACACACA/ACACACACACA/ACACACACACACA/ACACACACACACACA
17	34093597	118052277	snp	C/T
17	34093663	117651561	snp	A/G
17	34094907	191553783	snp	C/T
17	34187877	143645742	snp	A/G
17	3559722	186245055	snp	C/T
17	36614485	151011696	snp	C/T
17	36623095	143539189	snp	G/T
17	36642181	184781042	snp	C/G
17	36667183	9303325	snp	C/T
17	36872024	146278240	snp	A/G
17	36872922	145966494	snp	A/G/T
17	37562950	760034766	snp	C/T
17	37595427	375188076	snp	C/T
17	37626969	775536456	in-del	-/C
17	37809848	371019835	snp	C/G/T
17	37901996	199613497	snp	C/T
17	38126930	58338887	in-del	-/ACACACAC
17	38126930	867907374	snp	A/T
17	39535672	112570296	snp	A/G
17	39537946	181152719	snp	A/T
17	39977902	114199361	snp	C/G
17	40176340	782246140	snp	G/T
17	40821927	188984018	snp	C/G
17	40821927	748761119	in-del	-/CC
17	41568515	191193994	snp	A/G
17	41582013	145241921	snp	A/G
17	43195654	368387239	snp	A/G
17	43922814	374408210	snp	A/C
17	43922897	929223	snp	C/T
17	4446383	139594461	snp	C/T
17	4446472	200093646	snp	A/G
17	4448462	148999986	snp	A/G
17	45909365	536101939	in-del	-/GT
17	45914111	758123399	in-del	-/C
17	4725926	2326087	snp	A/G
17	4725926	754344913	in-del	-/G
17	48262485	148131473	snp	C/G
17	48274483	371952092	snp	C/T
17	48844381	16949266	snp	C/T
17	49062849	376891664	in-del	-/TCAA
17	49350547	200776581	snp	A/T
17	49350547	35339641	in-del	-/T
17	5291196	199927587	snp	C/G
17	53039026	774925637	snp	C/T
17	5308456	143512405	snp	C/T
17	61838441	775488042	snp	C/T
17	62079081	769318537	snp	C/T
17	62135440	187701514	snp	A/T
17	63008463	544378372	snp	A/C
17	6348859	182230951	snp	C/T
17	63532014	144363162	snp	A/G
17	64731527	112091316	snp	A/G
17	64754346	189136943	snp	C/T
17	64803124	116953842	snp	A/G
17	65116506	79369854	snp	C/T
17	65116507	567834080	snp	A/G
17	65146233	374992760	snp	A/T
17	65146233	778521188	in-del	-/TATTTTGATG
17	65212272	553950297	snp	A/C
17	66864240	149371591	snp	A/G
17	66872845	184510635	snp	C/G
17	66985397	138281321	in-del	-/CTCTCA
17	66985397	79994613	snp	A/T
17	7093806	185380227	snp	A/C
17	7094050	147232488	snp	C/T
17	71344856	756827895	snp	A/G
17	71426606	143153761	snp	G/T
17	72226847	553891145	snp	G/T
17	7226050	202241869	snp	A/C/G
17	7226276	143317552	snp	C/G
17	7253480	550794555	snp	C/G/T
17	7255608	759019510	snp	C/T
17	72998151	779306901	snp	A/G
17	7318390	141813037	snp	G/T
17	73615851	117210177	snp	A/G
17	73617209	117500462	snp	C/T
17	73618319	547208114	in-del	-/AA
17	73829022	567783495	snp	A/G
17	73830188	113861754	snp	C/G/T
17	73836169	370741117	snp	A/G
17	73847925	534234137	snp	A/G
17	73888431	61755877	snp	A/G
17	74401352	376566042	snp	C/T
17	74470194	11553545	snp	G/T
17	74470203	150723002	snp	C/T
17	7469015	12942617	snp	C/G/T
17	75195530	749145127	snp	A/G
17	75283865	561563850	snp	A/G
17	76154612	537146081	snp	A/G
17	7637789	3744255	snp	A/G
17	76455265	74335865	snp	C/T
17	76464972	376545206	snp	A/G
17	76568994	368457348	snp	C/T
17	7669496	535304577	snp	C/T
17	7674784	73232344	snp	C/T
17	77090638	200668420	in-del	-/GGGAGGAGGGTGG
17	7736480	78354379	snp	A/T
17	7752709	775417005	snp	C/T
17	7764524	752245139	snp	C/T
17	7839819	137936354	snp	C/G
17	7847940	145492026	snp	C/T
17	78599479	11314825	in-del	-/T
17	78935290	541170659	snp	A/G
17	79203057	761569820	snp	G/T
17	79251150	62072865	snp	A/G
17	79508177	181373937	snp	A/G
17	79518110	117756453	snp	C/T
17	79667417	371417713	in-del	-/T
17	79767165	797012243	snp	C/T
17	79767175	368941103	snp	C/T
17	79827404	181424923	snp	C/G/T
17	79827634	751812862	snp	A/C
17	79866066	80097374	in-del	-/A
17	79872053	372382788	in-del	-/CAGA
17	80274160	200504177	snp	C/T
17	80274162	201027731	snp	G/T
17	80274162	555569626	in-del	-/G
17	80280596	148747065	snp	A/G
17	80317251	189619529	snp	A/G
17	80320303	147220016	snp	G/T
17	80320855	72856174	snp	A/G
17	80350223	138224299	snp	A/G
17	80362083	562840381	snp	C/G
17	80363137	184079932	snp	C/G
17	80363362	9895561	snp	C/T
17	80364341	34315006	snp	C/T
17	80367290	183658728	snp	C/T
17	80369274	191756426	snp	A/G
17	80369299	184637877	snp	A/G
17	80369499	548745168	snp	A/C/G
17	80373453	61742456	snp	A/C/G
17	80373453	752045079	in-del	-/G
17	8093240	183207665	snp	C/T
17	8135146	3027237	snp	G/T
17	8135444	62620189	snp	C/G
17	8137605	529633547	in-del	-/TAG
17	8161056	112152102	snp	A/G
17	8161481	141777945	snp	A/G
17	8166114	543416319	snp	A/G
17	8169138	113818338	snp	C/T
17	8169350	112600059	snp	C/T
17	8170014	74873709	snp	A/G
17	8170808	76920549	snp	A/G/T
17	8170830	78410359	snp	A/G
17	9560098	11653804	snp	C/T
18	10761048	192225494	snp	C/T
18	11066134	371432372	snp	A/G
18	12337322	117096851	snp	C/T
18	19102451	535761563	snp	A/C
18	19164408	796713327	in-del	-/A
18	20569274	142213980	snp	A/G
18	21099339	764268307	snp	A/G
18	21531634	72875942	snp	C/T
18	21948579	142710002	snp	A/G
18	21948592	77392328	snp	A/C/G
18	23895098	867639899	snp	C/G
18	2571873	548406048	snp	A/G
18	29049138	61730311	snp	C/T
18	29057861	77917204	snp	A/G/T
18	29973159	28673368	snp	A/T
18	29973159	764232623	in-del	-/A
18	32887587	371577002	snp	A/G
18	43248537	546952752	snp	A/G
18	43532340	200331837	snp	A/G
18	44392443	117151539	snp	C/T
18	44423818	147156855	snp	A/G
18	46784607	537965455	snp	C/T
18	47363224	201349623	snp	A/G
18	47479744	758402070	in-del	-/T
18	47479744	77785690	snp	A/G
18	47902171	766953997	in-del	-/T
18	48321790	536741937	snp	A/C
18	48323816	80029777	snp	A/G
18	5407738	376928619	snp	A/G
18	5478295	117900256	snp	A/C
18	6046717	7234770	snp	C/T
18	61018260	546316503	snp	A/G
18	61370173	11301221	in-del	-/C
18	61370173	374282629	snp	C/T
18	67344994	370323473	snp	A/G
18	72103432	752501541	snp	A/T
18	77097420	771235769	snp	A/C
18	77137748	759606345	snp	G/T
18	77676006	62101187	snp	C/G
18	77679512	11344964	in-del	-/A
18	77679512	151333657	in-del	-/AGGAACCGAGGGAGAGGTCAAGGTCAGTGGGGAGAGACA
18	8609872	534005643	snp	A/C/T
19	10073479	148762424	snp	A/G
19	10076990	3745581	snp	C/G
19	10081362	73003451	snp	C/G
19	10085062	111357806	snp	A/C/T
19	10102492	151176273	snp	A/G
19	1087705	370458833	snp	C/T
19	1087705	5826721	in-del	-/T
19	1087705	774483647	in-del	-/TC
19	1112994	372446200	snp	C/T
19	12595775	536591635	snp	C/G
19	12734687	377616320	snp	A/G/T
19	12734687	5827159	in-del	-/GA/GGA/GGC/GGGA/GGT
19	12790112	373817355	in-del	-/A
19	12790112	78778363	snp	A/C
19	12815829	186863386	snp	A/T
19	13320274	16050	snp	C/T
19	13419085	73513425	snp	A/G
19	13419212	16013	snp	A/C
19	14854623	200734533	snp	G/T
19	1528419	569714931	snp	A/G
19	1598217	184594441	snp	A/G
19	16591645	566528206	snp	C/G
19	1788909	202137046	snp	C/G/T
19	1811477	45584038	snp	A/C/T
19	18246622	573550109	snp	A/G
19	18499550	186369683	snp	C/T
19	19378189	577084188	snp	A/G
19	19606848	73002973	snp	C/T
19	1969966	202177572	snp	C/T
19	2112841	149431838	snp	A/G
19	2130394	763010644	in-del	-/A
19	21305955	779349594	in-del	-/AAAAAAAA
19	21724119	200717635	snp	A/T
19	21724119	71176899	in-del	-/AATT
19	2289751	59501551	snp	C/T
19	2334231	73520567	snp	A/G
19	2337826	1008920	snp	C/T
19	2340151	587638484	snp	G/T
19	2353556	115742625	snp	A/G
19	2353556	796949276	multinucleotide-polymorphism	AT/GC
19	2354927	60333477	snp	C/T
19	3054098	764401724	snp	C/G/T
19	30863477	532053739	snp	C/G
19	3113332	751665166	snp	A/G
19	33696136	77775978	snp	C/T
19	33696221	199999241	snp	C/T
19	33878846	149042427	snp	C/T
19	33954877	142369843	snp	C/T
19	35502659	374293614	snp	A/G
19	35550063	534080790	snp	A/G
19	35610585	11409837	in-del	-/GT/T
19	35610585	199707086	snp	G/T
19	35610585	372028574	in-del	G/TGT
19	35849946	367794314	snp	A/C/G/T
19	35850408	138920343	snp	C/T
19	36049924	147779995	snp	C/T
19	3611927	45484703	snp	C/T
19	3613651	71339194	snp	C/T
19	36218040	181515152	snp	C/T
19	36381504	537584690	snp	G/T
19	36509918	117930001	snp	A/G
19	36549784	373605144	in-del	-/A
19	36549784	754790140	snp	A/G
19	36575654	143309981	snp	C/T
19	37063218	547128631	in-del	-/A/AA/AAA
19	37095801	146125814	snp	A/C
19	3728221	149422822	snp	C/G
19	37316368	536268393	snp	A/G
19	3746491	148817261	snp	A/T
19	3750776	553604437	snp	C/T
19	38377226	151219712	in-del	-/TCAC
19	38386940	142831471	snp	C/T
19	38572624	376921669	snp	C/G
19	38573347	61729133	snp	C/T
19	38573347	756169945	in-del	-/GGCCTCCCTCAC
19	38684399	368637137	snp	A/G
19	39224811	375825467	snp	A/C/G
19	39227108	202243527	in-del	-/TTGACCAAGCCCCAGGGCAGG
19	39229227	374083881	snp	A/G
19	40366117	201558688	snp	C/T
19	40384083	150820208	snp	A/G
19	40402384	200316685	snp	A/G
19	40440482	75388508	snp	G/T
19	40729096	147729392	snp	C/G/T
19	40730558	143673271	snp	A/C/G
19	40730611	779518174	snp	A/C
19	41942115	191454608	snp	C/G
19	41945795	139204637	snp	A/G
19	42400528	199751095	snp	A/G
19	42409465	142018887	snp	C/T
19	43372932	17420655	snp	A/G/T
19	43382313	146172041	snp	C/T
19	43702335	140068216	snp	C/G
19	43982532	117612972	snp	A/G
19	44792272	201108543	snp	C/T
19	44932114	55812288	snp	C/G
19	44934187	144097942	snp	A/G
19	45575628	374487209	snp	C/T
19	46807297	756165739	in-del	-/A
19	46974003	7248888	snp	C/T
19	47062512	766121758	snp	C/T
19	47126807	138619017	snp	G/T
19	47126849	4987262	snp	C/T
19	47231745	551269490	snp	C/T
19	47763692	528543723	snp	C/G
19	49055748	529988689	snp	A/G
19	49558080	555520021	snp	A/C/G/T
19	50123757	372317811	in-del	-/G
19	50123757	565371962	snp	A/G
19	50374952	200278700	snp	G/T
19	50983833	1630497	snp	A/C/G
19	50985170	144996610	snp	C/T
19	51602298	12983578	snp	C/G
19	51871697	753908258	snp	G/T
19	5210253	79838375	snp	A/G
19	5212180	773077539	snp	C/G
19	52326887	192883469	snp	C/G
19	54104265	76509735	snp	A/G/T
19	55481670	201587755	snp	A/G
19	55492893	534086434	snp	C/G
19	55492893	544570599	in-del	-/CCCCCCCCCCCCCCCCCCCCCC
19	55494319	550017145	snp	C/T
19	56029167	191675179	snp	A/T
19	56274193	2260827	snp	C/G
19	56704405	749510969	snp	G/T
19	56704405	767211827	in-del	-/G
19	56704407	772948603	snp	C/G
19	5785449	12977803	snp	C/T
19	5787595	73550307	snp	A/G
19	58417188	749057705	snp	C/T
19	59102879	866557055	snp	C/T
19	5932771	759048428	snp	A/G
19	6307105	760623156	snp	C/T
19	6312679	767860671	in-del	-/TT
19	6442185	184554072	snp	C/G
19	7710073	61407177	snp	C/T
19	7743208	759117586	snp	C/G
19	8586084	758259822	in-del	-/G
19	8969344	62118938	snp	A/G
19	8969344	779805546	in-del	-/ATG
19	9024446	192871785	snp	A/C/G/T
19	9026330	181529263	snp	C/T
19	9047127	371024556	snp	A/C
19	9061080	78804712	snp	A/C/G
19	9062847	79203775	snp	A/G
19	9068115	61747870	snp	A/G/T
19	9070873	79202331	snp	A/G
19	9071596	146343030	snp	G/T
19	9074493	117710966	snp	A/G/T
19	9075021	17000819	snp	A/G
19	9076168	370225023	snp	A/G/T
19	9086143	138381516	snp	C/T
19	9089110	142385740	snp	G/T
19	9530721	186524511	snp	G/T
20	10279970	201639889	snp	C/T
20	13464240	143865483	snp	A/G
20	1459054	111422434	snp	A/G/T
20	16032136	34472056	in-del	-/T
20	17639790	111560928	snp	C/T
20	17639876	202069077	snp	G/T
20	17639880	367977419	snp	C/T
20	20377383	73288516	snp	A/G
20	20585894	142419151	snp	C/T
20	2126557	755738199	snp	C/T
20	23027112	551790737	snp	A/G
20	23358012	141737428	snp	C/T
20	25190504	573910558	snp	C/T
20	33470663	768784749	snp	A/G/T
20	33502120	17092169	snp	C/T
20	33570426	541168287	in-del	-/T
20	33595302	375584281	snp	C/T
20	33595302	760412785	in-del	-/A
20	34292441	200574488	snp	C/T
20	35299983	547940584	snp	A/C
20	35835826	34488353	snp	C/T
20	35852309	117475222	snp	A/G
20	3725553	140210757	snp	C/T
20	37266427	41282834	snp	A/G
20	37634873	199985100	snp	C/T
20	37650374	546213508	snp	A/G
20	37659385	35849074	snp	A/G
20	40045257	138675502	snp	C/T
20	40141481	79549169	snp	A/G
20	40162062	61753666	snp	C/G
20	42143694	145308329	snp	C/T
20	42143936	145435727	snp	A/G
20	43882907	570615769	snp	G/T
20	44054576	189563703	snp	C/T
20	45186916	781672357	snp	A/G
20	46279815	750617688	in-del	-/GCAGCAGCAGCAGCAGCAGCAACAGCAGCA
20	46279815	751385560	in-del	-/GCAGCAGCA
20	46279815	758398256	in-del	-/CAGCAGCAGCAACAGCAGCAA/CAGCAGCAGCAGCAGCAGCAA
20	46279815	759271230	in-del	-/GCAGCAGCAGCAGCAGCAGCAACAGCA
20	46279815	767857088	in-del	-/GCAGCAGCAGCAGCAGCAGCAACA
20	47859268	747556558	snp	C/T
20	50700650	201004370	in-del	-/AGA
20	52779032	371495044	snp	A/G
20	52779033	567735264	snp	C/T
20	5454278	751548558	in-del	-/AGCAATCAGCC
20	5454278	769398146	in-del	-/TGACTGCCTTT
20	5454281	755169793	in-del	-/CTGTCCT
20	55743821	575112982	snp	C/T
20	56138027	551631223	snp	C/T
20	56179724	113866900	snp	C/T
20	57564525	754458188	snp	C/T
20	57767683	183636700	snp	A/C
20	57829241	371681139	snp	A/G
20	58517566	112503557	snp	A/G
20	58519514	144242261	snp	C/G
20	60854404	149348543	snp	C/T
20	60861787	116828071	snp	C/T
20	61909773	3215650	in-del	-/G
20	61939454	11272217	in-del	-/CCTGCCCCTCCCTCTGT/CCTGCCCCTCCCTCTGTCCTGCCCCTCCCTCTGT
20	61945170	185636117	snp	C/T
20	62597255	534324862	snp	A/G
21	15011999	769906178	snp	A/G
21	31768847	151147550	snp	A/G
21	31964907	75088048	snp	A/G/T
21	32575335	549448994	in-del	-/A
21	32585701	74771235	snp	C/T
21	32836443	181839687	snp	C/G
21	33038402	189646251	snp	A/T
21	33068422	376471988	snp	A/G
21	33340412	754582450	snp	A/G
21	41457339	572775708	in-del	-/A
21	43166076	532143018	snp	C/T
21	43281767	62621406	snp	A/C/T
21	43531264	111772429	snp	A/C/G
21	43531264	757539785	in-del	-/CCAGGGGAGCCCCAGCCAGGTGAACCCCAG
21	43896030	562822292	in-del	-/CTC
21	43897375	199732953	snp	C/T
21	43897375	772807535	in-del	-/CCCACAGCCCGGGGGTGCCCCACACCCTCTGA
21	43897478	138007679	snp	A/C/G
21	44293689	755775432	snp	C/T
21	45405994	762233807	snp	A/G
21	45786670	146154065	snp	A/G
21	45861943	41276638	snp	A/G
21	46930960	147164507	in-del	-/A
21	46930960	9983944	snp	A/C
21	46931327	567360914	snp	A/C
21	47402620	143502850	snp	A/C
21	47412687	151158105	snp	A/G
21	47817247	62224222	snp	C/G/T
21	47817316	143796569	snp	A/G
21	47848466	12481791	snp	C/T
21	47852019	766529116	snp	C/T
21	9910103	76221564	snp	A/G
21	9910136	74321050	snp	A/C
21	9910184	370073195	snp	C/T
21	9912043	796169130	snp	C/T
21	9912051	566481106	snp	C/G/T
22	16267032	7292200	snp	C/T
22	16279220	753176584	in-del	-/AATTT
22	16279220	781161606	snp	A/T
22	16287557	200923174	snp	A/C/G
22	17072411	41277596	snp	G/T
22	17073232	140295594	snp	A/G
22	17622102	777126413	snp	A/G
22	18209529	371469012	snp	A/C/T
22	18835754	371365085	snp	A/G
22	19005453	757351877	snp	A/G
22	20079084	149336675	snp	C/G
22	20402404	2542858	snp	C/G
22	21477104	796739658	snp	C/G
22	21477282	4292177	snp	A/G
22	21479826	74552221	in-del	-/A
22	21637928	9621009	snp	A/C/G
22	24121521	28363648	snp	C/T
22	24122444	28363658	snp	C/G
22	24122750	28363660	snp	C/T
22	24122877	28363661	snp	A/G
22	24123376	28363663	snp	A/C
22	24125984	28382577	snp	A/G
22	24717328	200462050	snp	A/G/T
22	25566860	558905749	snp	C/G/T
22	26157309	133878	snp	C/G
22	26157309	139553322	in-del	-/G
22	26181531	181569954	snp	A/G
22	26228758	35045598	in-del	-/A
22	28692174	16986266	snp	C/T
22	29688461	568612648	in-del	-/TTG
22	29709664	565025838	snp	A/C
22	29924015	374023198	snp	C/G
22	29925414	550395555	snp	C/T
22	29952017	148052790	in-del	-/AG
22	30093999	117863523	snp	A/G
22	30202386	186116709	snp	C/G
22	30409182	115319966	snp	A/G
22	30412268	116264235	snp	A/G
22	30476467	192856091	snp	A/G
22	30766439	116038577	snp	A/G
22	30772687	150705487	snp	C/T
22	30821230	374380850	snp	A/G
22	31091305	79856312	snp	C/T
22	31286928	41282553	snp	A/G
22	31342349	144582460	snp	A/C/G
22	32200610	146132411	snp	C/G
22	36653394	748410527	snp	A/G
22	36678782	115031369	snp	C/T
22	36689921	113698937	snp	A/G
22	36900186	146608926	snp	C/G
22	36900220	141342983	snp	C/T
22	37318392	367571519	snp	G/T
22	38234597	142208298	snp	C/G
22	39045873	746156666	in-del	-/AAAAAAAAAAAAGAAAG
22	39382348	150717244	snp	A/C
22	39387317	756948955	snp	A/C
22	39474881	562030501	snp	A/C/T
22	39621819	114786489	snp	A/C/G
22	39627583	542850351	snp	A/C
22	39710867	116553960	snp	A/G
22	40797647	9611338	snp	C/T
22	41856012	535977723	snp	A/C
22	42273933	9611685	snp	C/T
22	42301434	41276325	snp	C/T
22	42335204	541706503	snp	A/C/T
22	42536471	560335126	snp	C/T
22	42536471	759564081	in-del	-/GGGGA
22	42537349	371545471	snp	A/C
22	42537885	367840383	snp	A/T
22	42537889	2982056	snp	C/T
22	42538470	377184966	snp	C/G/T
22	42538470	781518739	in-del	-/CTCTC
22	44022240	145021056	snp	A/C
22	44151722	374847284	in-del	-/A
22	44151722	748492723	snp	A/T
22	44151722	762786087	in-del	-/AAAA
22	44645561	193013250	snp	A/G
22	45204873	762009561	in-del	-/T
22	46739206	144054758	snp	C/T
22	46748002	73177076	snp	C/G/T
22	50507018	73893124	snp	C/T
22	50572916	537031943	in-del	-/T
22	50647038	151171493	snp	A/G
22	50648641	201643496	snp	A/G
22	50657903	375182728	snp	C/T
22	50721252	62621407	snp	C/T
22	50726476	373532226	snp	C/T
22	50943506	9616787	snp	C/T
22	50944518	147072080	snp	C/T
22	51142280	112659165	snp	C/T
X	100117750	142681208	snp	C/T
X	10035461	61748714	snp	A/G
X	100357480	745821824	in-del	-/TA
X	100608059	376521920	in-del	-/A
X	10104754	56399961	snp	C/T
X	102000854	765527774	snp	G/T
X	102930447	759695368	snp	A/G
X	10437590	114091079	snp	C/G
X	106228910	768540917	in-del	-/A
X	106228910	781005739	in-del	-/AA
X	107683502	59044748	in-del	-/G/TG
X	107683502	754808906	in-del	-/G
X	107683502	781346273	snp	G/T
X	11160839	146938151	snp	A/G
X	111699429	151241112	snp	C/T
X	118230509	145929840	snp	C/T
X	118257601	780302176	snp	C/G
X	119004571	142871346	snp	C/T
X	119030229	143515418	snp	C/T
X	120007957	5957502	snp	C/T
X	120009392	369227590	snp	C/T
X	122622864	781779962	snp	C/T
X	123518504	762268970	snp	C/T
X	128885592	370475461	snp	A/G
X	129150201	760111778	snp	A/G
X	130408773	146525641	snp	C/T
X	132670325	751413609	in-del	-/TCAA
X	134483256	202119439	snp	C/T
X	135292013	762027610	in-del	-/TTT
X	135292013	767661713	in-del	-/TTTC
X	135292013	768923941	in-del	-/T
X	135292013	774307953	in-del	-/TTTTT
X	135732733	776508662	in-del	-/A
X	136112910	73637412	snp	C/G/T
X	138671977	767673103	in-del	-/T
X	140993821	770905175	in-del	-/TTGAGTATTTT
X	140993821	79905587	snp	C/G/T
X	140993827	143392898	snp	A/C
X	141290950	35094955	snp	C/G
X	142114044	150596109	snp	G/T
X	148062256	782028394	snp	G/T
X	14868799	202067682	in-del	-/A
X	14891580	199592945	snp	A/G
X	150565795	765120199	snp	G/T
X	150572228	188765636	snp	G/T
X	150908168	144366408	snp	G/T
X	151093082	142110631	snp	A/G
X	152159254	146175766	snp	C/T
X	152806824	144855129	snp	A/G
X	153173422	139401482	snp	A/G
X	153295949	267608404	in-del	-/CCACCGCCG
X	153295949	61753975	snp	A/G
X	153558054	368045626	snp	C/T
X	153581714	187029309	snp	A/G
X	153594535	36051194	snp	C/T
X	154293746	375822308	snp	A/T
X	154508542	41304992	snp	C/G
X	154754266	200119192	snp	C/T
X	15599223	4646189	snp	A/G
X	15618958	4646116	snp	A/G
X	15841231	763349597	in-del	-/AGCCGGAGCCGG
X	15841231	768273733	in-del	-/AGCCGG
X	18942426	5955668	snp	A/C
X	18942543	201183167	snp	A/C/G
X	20153965	181821614	snp	A/G
X	20172896	781485965	snp	C/T
X	23412567	79619554	snp	A/C
X	23933912	62584865	snp	A/G
X	24759542	2230928	snp	A/G
X	26213732	12845656	snp	C/T
X	3002638	150895660	snp	C/T
X	30326676	374077520	snp	C/G
X	35938290	191164700	snp	A/G
X	36116999	182478361	snp	A/T
X	37850340	202191406	snp	A/G
X	41307195	3810732	snp	A/G/T
X	41446142	199729372	snp	A/G
X	43640762	756309138	snp	C/T
X	44094711	780121386	snp	G/T
X	44894443	149620606	snp	C/G
X	48419200	41307344	snp	A/G
X	48674299	201520385	snp	A/G
X	48690523	782692251	snp	A/C
X	48823056	3027482	snp	C/G
X	48838048	35608115	snp	A/C
X	49021040	185804361	snp	C/T
X	49099180	782099564	snp	A/G
X	49354227	373516196	snp	G/T
X	49961599	782669322	snp	A/T
X	53223933	45494602	snp	G/T
X	53454994	782595983	snp	A/G
X	54496874	138723423	snp	C/T
X	54578195	41308614	snp	C/T
X	55028863	2301416	snp	A/C/G
X	55035701	145704441	snp	C/T
X	55248527	772473857	snp	A/G
X	56291853	146429909	snp	A/G
X	57019260	144284417	snp	C/T
X	5821114	183715647	snp	A/G
X	65242170	202152888	snp	A/G/T
X	65417554	151003259	snp	C/T
X	67940901	761535257	snp	C/T
X	69263514	61735680	snp	C/T
X	69478432	41310667	snp	C/T
X	69665557	777241248	snp	G/T
X	70288189	368500383	snp	C/G/T
X	70326293	369542693	snp	C/T
X	70603000	745516519	in-del	-/A
X	7175409	773065157	in-del	-/CCT
X	74291377	139311518	snp	C/T
X	75394713	2301864	snp	C/T
X	76777847	368498507	snp	C/T
X	76938153	61752455	snp	A/C/G
X	77302275	142059968	snp	A/G
X	79676008	148148975	snp	C/T
X	79971651	186391561	snp	C/T
X	79999521	55824836	snp	C/G
X	8138641	199682960	snp	C/G/T
X	83361668	181700759	snp	C/G
X	83374771	192417196	snp	C/T
X	83616189	187507521	snp	G/T
X	84600873	147563033	snp	C/G
X	91770298	867962289		
X	9659765	369976631	in-del	-/A/AT
X	9659766	2301675	snp	A/C/T
X	9659766	386823861	in-del	ATG/GT
X	9660256	201963539	snp	A/G
X	9728959	758705622	in-del	-/AGAG
X	9905262	751386118	snp	A/C
X	9907369	149373874	snp	C/T
